Date,Province,Total Confirmed Cases,Total Recovered,Total Deaths,Confirmed Cases,Recovered,Deaths
2020/1/22,Heilongjiang,0,0,0,0,0,0
2020/1/22,Hebei,1,0,0,1,0,0
2020/1/22,Hubei,444,28,17,444,28,17
2020/1/22,Shandong,2,0,0,2,0,0
2020/1/22,Guangxi,2,0,0,2,0,0
2020/1/22,Henan,5,0,0,5,0,0
2020/1/22,Ningxia,1,0,0,1,0,0
2020/1/22,Sichuan,5,0,0,5,0,0
2020/1/22,Chongqing,6,0,0,6,0,0
2020/1/22,Shanxi,1,0,0,1,0,0
2020/1/22,Hunan,4,0,0,4,0,0
2020/1/22,Guizhou,1,0,0,1,0,0
2020/1/22,Fujian,1,0,0,1,0,0
2020/1/22,Hongkong,0,0,0,0,0,0
2020/1/22,Liaoning,2,0,0,2,0,0
2020/1/22,Anhui,1,0,0,1,0,0
2020/1/22,Taiwan,1,0,0,1,0,0
2020/1/22,Jilin,0,0,0,0,0,0
2020/1/22,Beijing,10,0,0,10,0,0
2020/1/22,Jiangxi,2,0,0,2,0,0
2020/1/22,Yunnan,1,0,0,1,0,0
2020/1/22,Guangdong,26,0,0,26,0,0
2020/1/22,Zhejiang,10,0,0,10,0,0
2020/1/22,Tianjin,4,0,0,4,0,0
2020/1/22,Hainan,4,0,0,4,0,0
2020/1/22,Shanghai,9,0,0,9,0,0
2020/1/23,Guangdong,32,2,0,6,2,0
2020/1/23,Jiangxi,3,0,0,1,0,0
2020/1/23,Zhejiang,27,0,0,17,0,0
2020/1/23,Hainan,5,0,0,1,0,0
2020/1/23,Fujian,5,0,0,4,0,0
2020/1/23,Shaanxi,3,0,0,3,0,0
2020/1/23,Hongkong,2,0,0,2,0,0
2020/1/23,Xinjiang,2,0,0,2,0,0
2020/1/23,Heilongjiang,2,0,0,2,0,0
2020/1/23,Jiangsu,5,0,0,5,0,0
2020/1/23,Gansu,2,0,0,2,0,0
2020/1/23,Guizhou,3,0,0,2,0,0
2020/1/23,Beijing,22,0,0,12,0,0
2020/1/23,Chongqing,9,0,0,3,0,0
2020/1/23,Anhui,9,0,0,8,0,0
2020/1/23,Hunan,9,0,0,5,0,0
2020/1/23,Neimenggu,0,0,0,0,0,0
2020/1/23,Tianjin,4,0,0,0,0,0
2020/1/23,Taiwan,1,0,0,0,0,0
2020/1/23,Shanxi,1,0,0,0,0,0
2020/1/23,Ningxia,1,0,0,0,0,0
2020/1/23,Hubei,444,28,17,0,0,0
2020/1/23,Henan,5,0,0,0,0,0
2020/1/23,Yunnan,1,0,0,0,0,0
2020/1/23,Guangxi,5,0,0,3,0,0
2020/1/23,Shanghai,16,0,0,7,0,0
2020/1/23,Shandong,6,0,0,4,0,0
2020/1/23,Sichuan,8,0,0,3,0,0
2020/1/23,Liaoning,3,0,0,1,0,0
2020/1/23,Jilin,1,0,0,1,0,0
2020/1/23,Hebei,1,0,0,0,0,0
2020/1/24,Hainan,8,0,0,3,0,0
2020/1/24,Jiangsu,9,0,0,4,0,0
2020/1/24,Henan,9,0,0,4,0,0
2020/1/24,Guangxi,13,0,0,8,0,0
2020/1/24,Anhui,15,0,0,6,0,0
2020/1/24,Shandong,15,0,0,9,0,0
2020/1/24,Beijing,36,1,0,14,1,0
2020/1/24,Hunan,24,0,0,15,0,0
2020/1/24,Chongqing,27,0,0,18,0,0
2020/1/24,Zhejiang,43,1,0,16,1,0
2020/1/24,Guangdong,53,2,0,21,0,0
2020/1/24,Yunnan,5,0,0,4,0,0
2020/1/24,Shaanxi,5,0,0,2,0,0
2020/1/24,Sichuan,15,0,0,7,0,0
2020/1/24,Liaoning,4,0,0,1,0,0
2020/1/24,Jiangxi,7,0,0,4,0,0
2020/1/24,Shanghai,20,1,0,4,1,0
2020/1/24,Taiwan,1,0,0,0,0,0
2020/1/24,Gansu,2,0,0,0,0,0
2020/1/24,Xinjiang,2,0,0,0,0,0
2020/1/24,Hongkong,2,0,0,0,0,0
2020/1/24,Guizhou,3,0,0,0,0,0
2020/1/24,Jilin,3,0,0,2,0,0
2020/1/24,Neimenggu,2,0,0,2,0,0
2020/1/24,Tianjin,8,0,0,4,0,0
2020/1/24,Heilongjiang,4,0,1,2,0,1
2020/1/24,Hebei,2,0,1,1,0,1
2020/1/24,Hubei,549,31,24,105,3,7
2020/1/24,Fujian,10,0,0,5,0,0
2020/1/24,Qinghai,0,0,0,0,0,0
2020/1/24,Shanxi,1,0,0,0,0,0
2020/1/24,Ningxia,2,0,0,1,0,0
2020/1/25,Ningxia,3,0,0,1,0,0
2020/1/25,Sichuan,28,0,0,13,0,0
2020/1/25,Shandong,27,0,0,12,0,0
2020/1/25,Fujian,18,0,0,8,0,0
2020/1/25,Qinghai,1,0,0,1,0,0
2020/1/25,Gansu,4,0,0,2,0,0
2020/1/25,Hainan,19,0,0,11,0,0
2020/1/25,Yunnan,11,0,0,6,0,0
2020/1/25,Liaoning,16,0,0,12,0,0
2020/1/25,Beijing,41,2,0,5,1,0
2020/1/25,Neimenggu,7,0,0,5,0,0
2020/1/25,Shaanxi,15,0,0,10,0,0
2020/1/25,Chongqing,57,0,0,30,0,0
2020/1/25,Tianjin,10,0,0,2,0,0
2020/1/25,Hubei,730,32,39,181,1,15
2020/1/25,Xinjiang,3,0,0,1,0,0
2020/1/25,Guizhou,4,0,0,1,0,0
2020/1/25,Jiangsu,18,1,0,9,1,0
2020/1/25,Taiwan,3,0,0,2,0,0
2020/1/25,Guangxi,23,0,0,10,0,0
2020/1/25,Jiangxi,18,0,0,11,0,0
2020/1/25,Shanxi,6,0,0,5,0,0
2020/1/25,Hongkong,5,0,0,3,0,0
2020/1/25,Guangdong,78,2,0,25,0,0
2020/1/25,Shanghai,33,1,0,13,0,0
2020/1/25,Hunan,43,0,0,19,0,0
2020/1/25,Henan,32,0,0,23,0,0
2020/1/25,Zhejiang,62,1,0,19,0,0
2020/1/25,Hebei,8,0,1,6,0,0
2020/1/25,Heilongjiang,9,0,1,5,0,0
2020/1/25,Jilin,4,0,0,1,0,0
2020/1/25,Anhui,39,0,0,24,0,0
2020/1/26,Jiangsu,33,1,0,15,0,0
2020/1/26,Shanghai,40,1,1,7,0,1
2020/1/26,Shaanxi,22,0,0,7,0,0
2020/1/26,Hubei,1058,42,52,328,10,13
2020/1/26,Shandong,46,0,0,19,0,0
2020/1/26,Liaoning,21,0,0,5,0,0
2020/1/26,Hainan,22,0,0,3,0,0
2020/1/26,Guangdong,111,2,0,33,0,0
2020/1/26,Fujian,35,0,0,17,0,0
2020/1/26,Tianjin,14,0,0,4,0,0
2020/1/26,Taiwan,4,0,0,1,0,0
2020/1/26,Yunnan,16,0,0,5,0,0
2020/1/26,Beijing,68,2,0,27,0,0
2020/1/26,Guangxi,36,0,0,13,0,0
2020/1/26,Ningxia,4,0,0,1,0,0
2020/1/26,Sichuan,44,0,0,16,0,0
2020/1/26,Zhejiang,104,1,0,42,0,0
2020/1/26,Jilin,4,0,0,0,0,0
2020/1/26,Hongkong,5,0,0,0,0,0
2020/1/26,Neimenggu,7,0,0,0,0,0
2020/1/26,Shanxi,9,0,0,3,0,0
2020/1/26,Jiangxi,36,0,0,18,0,0
2020/1/26,Xinjiang,4,0,0,1,0,0
2020/1/26,Guizhou,5,0,0,1,0,0
2020/1/26,Henan,83,0,1,51,0,1
2020/1/26,Hebei,13,0,1,5,0,0
2020/1/26,Heilongjiang,15,0,1,6,0,0
2020/1/26,Anhui,60,0,0,21,0,0
2020/1/26,Hunan,69,0,0,26,0,0
2020/1/26,Qinghai,1,0,0,0,0,0
2020/1/26,Chongqing,75,0,0,18,0,0
2020/1/26,Gansu,7,0,0,3,0,0
2020/1/27,Jiangxi,48,1,0,12,1,0
2020/1/27,Ningxia,7,0,0,3,0,0
2020/1/27,Taiwan,5,0,0,1,0,0
2020/1/27,Shanghai,53,3,1,13,2,0
2020/1/27,Hubei,1423,47,76,365,5,24
2020/1/27,Shandong,75,1,0,29,1,0
2020/1/27,Tianjin,22,0,0,8,0,0
2020/1/27,Hainan,33,0,1,11,0,1
2020/1/27,Yunnan,26,0,0,10,0,0
2020/1/27,Guangdong,151,3,0,40,1,0
2020/1/27,Qinghai,6,0,0,5,0,0
2020/1/27,Fujian,59,0,0,24,0,0
2020/1/27,Shaanxi,35,0,0,13,0,0
2020/1/27,Liaoning,27,0,0,6,0,0
2020/1/27,Beijing,80,2,1,12,0,1
2020/1/27,Neimenggu,11,0,0,4,0,0
2020/1/27,Xinjiang,5,0,0,1,0,0
2020/1/27,Sichuan,69,0,0,25,0,0
2020/1/27,Hongkong,8,0,0,3,0,0
2020/1/27,Shanxi,13,0,0,4,0,0
2020/1/27,Guangxi,46,0,0,10,0,0
2020/1/27,Henan,128,0,1,45,0,0
2020/1/27,Hunan,100,0,0,31,0,0
2020/1/27,Guizhou,7,0,0,2,0,0
2020/1/27,Anhui,70,0,0,10,0,0
2020/1/27,Heilongjiang,21,0,1,6,0,0
2020/1/27,Jiangsu,47,1,0,14,0,0
2020/1/27,Jilin,6,0,0,2,0,0
2020/1/27,Gansu,14,0,0,7,0,0
2020/1/27,Chongqing,110,0,0,35,0,0
2020/1/27,Hebei,18,0,1,5,0,0
2020/1/27,Zhejiang,128,1,0,24,0,0
2020/1/28,Shandong,95,0,0,20,-1,0
2020/1/28,Shaanxi,46,0,0,11,0,0
2020/1/28,Shanghai,66,4,1,13,1,0
2020/1/28,Jiangxi,72,3,0,24,2,0
2020/1/28,Hunan,143,0,0,43,0,0
2020/1/28,Neimenggu,15,0,0,4,0,0
2020/1/28,Beijing,91,4,1,11,2,0
2020/1/28,Guangxi,51,2,0,5,2,0
2020/1/28,Guangdong,207,4,0,56,1,0
2020/1/28,Zhejiang,173,3,0,45,2,0
2020/1/28,Liaoning,34,0,0,7,0,0
2020/1/28,Fujian,80,0,0,21,0,0
2020/1/28,Taiwan,8,0,0,3,0,0
2020/1/28,Hubei,2714,52,100,1291,5,24
2020/1/28,Hainan,40,0,1,7,0,0
2020/1/28,Yunnan,44,0,0,18,0,0
2020/1/28,Gansu,19,0,0,5,0,0
2020/1/28,Qinghai,6,0,0,0,0,0
2020/1/28,Hongkong,8,0,0,0,0,0
2020/1/28,Henan,168,0,1,40,0,0
2020/1/28,Guizhou,9,0,0,2,0,0
2020/1/28,Jiangsu,70,1,0,23,0,0
2020/1/28,Anhui,106,0,0,36,0,0
2020/1/28,Heilongjiang,30,0,1,9,0,0
2020/1/28,Tianjin,24,0,0,2,0,0
2020/1/28,Shanxi,20,0,0,7,0,0
2020/1/28,Chongqing,132,0,0,22,0,0
2020/1/28,Xinjiang,10,0,0,5,0,0
2020/1/28,Ningxia,11,0,0,4,0,0
2020/1/28,Hebei,33,0,1,15,0,0
2020/1/28,Jilin,8,0,0,2,0,0
2020/1/28,Sichuan,90,0,0,21,0,0
2020/1/29,Shandong,130,1,0,35,1,0
2020/1/29,Shanghai,96,5,1,30,1,0
2020/1/29,Fujian,84,0,0,4,0,0
2020/1/29,Yunnan,55,0,0,11,0,0
2020/1/29,Guangdong,277,5,0,70,1,0
2020/1/29,Hongkong,10,0,0,2,0,0
2020/1/29,Tianjin,27,0,0,3,0,0
2020/1/29,Shanxi,27,1,0,7,1,0
2020/1/29,Shaanxi,56,0,0,10,0,0
2020/1/29,Xinjiang,13,0,0,3,0,0
2020/1/29,Liaoning,39,1,0,5,1,0
2020/1/29,Sichuan,108,1,1,18,1,1
2020/1/29,Heilongjiang,38,0,1,8,0,0
2020/1/29,Hubei,3554,87,125,840,35,25
2020/1/29,Beijing,111,4,1,20,0,0
2020/1/29,Anhui,152,2,0,46,2,0
2020/1/29,Chongqing,147,1,0,15,1,0
2020/1/29,Guizhou,9,1,0,0,1,0
2020/1/29,Taiwan,8,0,0,0,0,0
2020/1/29,Qinghai,6,0,0,0,0,0
2020/1/29,Jiangxi,109,3,0,37,0,0
2020/1/29,Guangxi,58,2,0,7,0,0
2020/1/29,Zhejiang,296,3,0,123,0,0
2020/1/29,Hebei,48,0,1,15,0,0
2020/1/29,Henan,206,1,2,38,1,1
2020/1/29,Gansu,24,0,0,5,0,0
2020/1/29,Jiangsu,99,1,0,29,0,0
2020/1/29,Jilin,9,0,0,1,0,0
2020/1/29,Xizang,0,0,0,0,0,0
2020/1/29,Hainan,43,0,1,3,0,0
2020/1/29,Ningxia,12,0,0,1,0,0
2020/1/29,Neimenggu,16,0,0,1,0,0
2020/1/29,Hunan,221,0,0,78,0,0
2020/1/30,Shanghai,112,5,1,16,0,0
2020/1/30,Henan,278,2,2,72,1,0
2020/1/30,Ningxia,17,0,0,5,0,0
2020/1/30,Liaoning,41,1,0,2,0,0
2020/1/30,Hunan,277,2,0,56,2,0
2020/1/30,Hainan,46,1,1,3,1,0
2020/1/30,Shandong,158,1,0,28,0,0
2020/1/30,Beijing,114,4,1,3,0,0
2020/1/30,Taiwan,9,0,0,1,0,0
2020/1/30,Qinghai,8,0,0,2,0,0
2020/1/30,Guangdong,354,10,0,77,5,0
2020/1/30,Hubei,4903,90,162,1349,3,37
2020/1/30,Heilongjiang,44,0,2,6,0,1
2020/1/30,Tianjin,31,0,0,4,0,0
2020/1/30,Chongqing,182,1,0,35,0,0
2020/1/30,Jiangxi,162,5,0,53,2,0
2020/1/30,Sichuan,142,1,1,34,0,0
2020/1/30,Shaanxi,63,0,0,7,0,0
2020/1/30,Shanxi,35,1,0,8,0,0
2020/1/30,Xizang,1,0,0,1,0,0
2020/1/30,Hebei,65,0,1,17,0,0
2020/1/30,Guangxi,78,2,0,20,0,0
2020/1/30,Hongkong,10,0,0,0,0,0
2020/1/30,Jiangsu,129,1,0,30,0,0
2020/1/30,Anhui,200,2,0,48,0,0
2020/1/30,Neimenggu,18,0,0,2,0,0
2020/1/30,Xinjiang,14,0,0,1,0,0
2020/1/30,Zhejiang,428,4,0,132,1,0
2020/1/30,Gansu,26,0,0,2,0,0
2020/1/30,Jilin,14,1,0,5,1,0
2020/1/30,Yunnan,70,0,0,15,0,0
2020/1/30,Fujian,101,0,0,17,0,0
2020/1/30,Guizhou,12,1,0,3,0,0
2020/1/31,Shandong,184,2,0,26,1,0
2020/1/31,Chongqing,211,1,0,29,0,0
2020/1/31,Beijing,139,5,1,25,1,0
2020/1/31,Hainan,52,1,1,6,0,0
2020/1/31,Shanghai,135,9,1,23,4,0
2020/1/31,Xinjiang,17,0,0,3,0,0
2020/1/31,Yunnan,83,1,0,13,1,0
2020/1/31,Jiangsu,168,5,0,39,4,0
2020/1/31,Neimenggu,20,1,0,2,1,0
2020/1/31,Taiwan,10,0,0,1,0,0
2020/1/31,Guangdong,436,11,0,82,1,0
2020/1/31,Hubei,5806,141,204,903,51,42
2020/1/31,Zhejiang,538,14,0,110,10,0
2020/1/31,Henan,352,3,2,74,1,0
2020/1/31,Guizhou,29,2,0,17,1,0
2020/1/31,Jilin,14,1,0,0,0,0
2020/1/31,Liaoning,48,1,0,7,0,0
2020/1/31,Fujian,120,0,0,19,0,0
2020/1/31,Shanxi,39,1,0,4,0,0
2020/1/31,Gansu,29,0,0,3,0,0
2020/1/31,Hongkong,12,0,0,2,0,0
2020/1/31,Hebei,82,0,1,17,0,0
2020/1/31,Guangxi,87,2,0,9,0,0
2020/1/31,Anhui,237,3,0,37,1,0
2020/1/31,Sichuan,177,1,1,35,0,0
2020/1/31,Xizang,1,0,0,0,0,0
2020/1/31,Heilongjiang,59,0,2,15,0,0
2020/1/31,Hunan,332,2,0,55,0,0
2020/1/31,Qinghai,8,0,0,0,0,0
2020/1/31,Ningxia,21,0,0,4,0,0
2020/1/31,Shaanxi,87,0,0,24,0,0
2020/1/31,Tianjin,32,0,0,1,0,0
2020/1/31,Jiangxi,240,7,0,78,2,0
2020/2/1,Chongqing,247,3,1,36,2,1
2020/2/1,Hubei,7153,168,249,1347,27,45
2020/2/1,Henan,422,3,2,70,0,0
2020/2/1,Hainan,62,1,1,10,0,0
2020/2/1,Qinghai,9,0,0,1,0,0
2020/2/1,Jilin,17,1,0,3,0,0
2020/2/1,Liaoning,64,1,0,16,0,0
2020/2/1,Jiangsu,202,6,0,34,1,0
2020/2/1,Guangdong,535,14,0,99,3,0
2020/2/1,Gansu,40,0,0,11,0,0
2020/2/1,Tianjin,41,0,0,9,0,0
2020/2/1,Yunnan,93,2,0,10,1,0
2020/2/1,Hunan,389,8,0,57,6,0
2020/2/1,Anhui,297,5,0,60,2,0
2020/2/1,Zhejiang,599,21,0,61,7,0
2020/2/1,Heilongjiang,80,2,2,21,2,0
2020/2/1,Xizang,1,0,0,0,0,0
2020/2/1,Taiwan,10,0,0,0,0,0
2020/2/1,Guizhou,29,2,0,0,0,0
2020/2/1,Shanxi,47,1,0,8,0,0
2020/2/1,Hebei,96,0,1,14,0,0
2020/2/1,Guangxi,100,2,0,13,0,0
2020/2/1,Jiangxi,286,9,0,46,2,0
2020/2/1,Shaanxi,101,0,0,14,0,0
2020/2/1,Xinjiang,18,0,0,1,0,0
2020/2/1,Fujian,144,0,0,24,0,0
2020/2/1,Sichuan,207,3,1,30,2,0
2020/2/1,Hongkong,13,0,0,1,0,0
2020/2/1,Shandong,206,3,0,22,1,0
2020/2/1,Ningxia,26,0,0,5,0,0
2020/2/1,Shanghai,169,10,1,34,1,0
2020/2/1,Beijing,168,9,1,29,4,0
2020/2/1,Neimenggu,23,1,0,3,0,0
2020/2/2,Yunnan,105,3,0,12,1,0
2020/2/2,Tianjin,48,1,0,7,1,0
2020/2/2,Jiangsu,236,7,0,34,1,0
2020/2/2,Hubei,9074,267,294,1921,99,45
2020/2/2,Guangdong,632,15,0,97,1,0
2020/2/2,Zhejiang,661,32,0,62,11,0
2020/2/2,Hunan,463,16,0,74,8,0
2020/2/2,Liaoning,70,1,0,6,0,0
2020/2/2,Sichuan,231,11,1,24,8,0
2020/2/2,Jiangxi,333,12,0,47,3,0
2020/2/2,Gansu,40,3,0,0,3,0
2020/2/2,Henan,493,10,2,71,7,0
2020/2/2,Hainan,64,4,1,2,3,0
2020/2/2,Shanxi,56,2,0,9,1,0
2020/2/2,Anhui,340,7,0,43,2,0
2020/2/2,Beijing,191,9,1,23,0,0
2020/2/2,Shanghai,182,10,1,13,0,0
2020/2/2,Chongqing,275,7,1,28,4,0
2020/2/2,Taiwan,10,0,0,0,0,0
2020/2/2,Guangxi,111,2,0,11,0,0
2020/2/2,Xinjiang,21,0,0,3,0,0
2020/2/2,Guizhou,38,2,0,9,0,0
2020/2/2,Shandong,230,6,0,24,3,0
2020/2/2,Ningxia,28,0,0,2,0,0
2020/2/2,Jilin,23,1,0,6,0,0
2020/2/2,Hongkong,14,0,0,1,0,0
2020/2/2,Heilongjiang,95,2,2,15,0,0
2020/2/2,Shaanxi,116,0,0,15,0,0
2020/2/2,Neimenggu,27,1,0,4,0,0
2020/2/2,Fujian,159,0,0,15,0,0
2020/2/2,Xizang,1,0,0,0,0,0
2020/2/2,Qinghai,11,0,0,2,0,0
2020/2/2,Hebei,104,3,1,8,3,0
2020/2/3,Guangdong,725,21,0,93,6,0
2020/2/3,Jiangsu,271,8,0,35,1,0
2020/2/3,Sichuan,254,14,1,23,3,0
2020/2/3,Fujian,179,1,0,20,1,0
2020/2/3,Guangxi,127,7,0,16,5,0
2020/2/3,Yunnan,114,5,0,9,2,0
2020/2/3,Zhejiang,724,43,0,63,11,0
2020/2/3,Hunan,521,22,0,58,6,0
2020/2/3,Tianjin,60,1,0,12,0,0
2020/2/3,Liaoning,74,1,0,4,0,0
2020/2/3,Hainan,72,4,1,8,0,0
2020/2/3,Shandong,259,7,0,29,1,0
2020/2/3,Henan,566,16,2,73,6,0
2020/2/3,Anhui,408,14,0,68,7,0
2020/2/3,Hubei,11177,300,350,2103,33,56
2020/2/3,Beijing,212,12,1,21,3,0
2020/2/3,Xizang,1,0,0,0,0,0
2020/2/3,Chongqing,312,8,2,37,1,1
2020/2/3,Taiwan,10,0,0,0,0,0
2020/2/3,Hongkong,15,0,0,1,0,0
2020/2/3,Jilin,31,1,0,8,0,0
2020/2/3,Guizhou,46,2,0,8,0,0
2020/2/3,Gansu,51,3,0,11,0,0
2020/2/3,Hebei,113,3,1,9,0,0
2020/2/3,Jiangxi,391,18,0,58,6,0
2020/2/3,Ningxia,31,1,0,3,1,0
2020/2/3,Neimenggu,34,1,0,7,0,0
2020/2/3,Qinghai,13,0,0,2,0,0
2020/2/3,Shanxi,66,2,0,10,0,0
2020/2/3,Xinjiang,24,0,0,3,0,0
2020/2/3,Heilongjiang,121,2,2,26,0,0
2020/2/3,Shanghai,203,10,1,21,0,0
2020/2/3,Shaanxi,128,0,0,12,0,0
2020/2/4,Shanghai,219,12,1,16,2,0
2020/2/4,Shaanxi,142,2,0,14,2,0
2020/2/4,Shanxi,74,4,0,8,2,0
2020/2/4,Zhejiang,829,62,0,105,19,0
2020/2/4,Guangdong,813,30,0,88,9,0
2020/2/4,Tianjin,67,2,0,7,1,0
2020/2/4,Henan,675,27,2,109,11,0
2020/2/4,Hunan,593,31,0,72,9,0
2020/2/4,Liaoning,81,2,0,7,1,0
2020/2/4,Jiangxi,476,20,0,85,2,0
2020/2/4,Taiwan,11,0,0,1,0,0
2020/2/4,Gansu,57,4,0,6,1,0
2020/2/4,Xinjiang,29,0,0,5,0,0
2020/2/4,Sichuan,282,14,1,28,0,0
2020/2/4,Fujian,194,3,0,15,2,0
2020/2/4,Shandong,275,11,0,16,4,0
2020/2/4,Qinghai,15,0,0,2,0,0
2020/2/4,Jiangsu,308,12,0,37,4,0
2020/2/4,Ningxia,34,1,0,3,0,0
2020/2/4,Neimenggu,35,1,0,1,0,0
2020/2/4,Jilin,42,1,0,11,0,0
2020/2/4,Anhui,480,20,0,72,6,0
2020/2/4,Yunnan,119,5,0,5,0,0
2020/2/4,Heilongjiang,155,4,2,34,2,0
2020/2/4,Guangxi,139,10,0,12,3,0
2020/2/4,Chongqing,344,9,2,32,1,0
2020/2/4,Beijing,228,23,1,16,11,0
2020/2/4,Hebei,126,4,1,13,1,0
2020/2/4,Hongkong,17,0,1,2,0,1
2020/2/4,Hubei,13522,397,414,2345,97,64
2020/2/4,Guizhou,58,2,0,12,0,0
2020/2/4,Hainan,80,5,1,8,1,0
2020/2/4,Xizang,1,0,0,0,0,0
2020/2/5,Guangdong,895,49,0,82,19,0
2020/2/5,Heilongjiang,190,7,2,35,3,0
2020/2/5,Fujian,205,11,0,11,8,0
2020/2/5,Guizhou,64,9,1,6,7,1
2020/2/5,Jiangsu,341,23,0,33,11,0
2020/2/5,Hongkong,21,0,1,4,0,0
2020/2/5,Anhui,530,23,0,50,3,0
2020/2/5,Guangxi,150,13,0,11,3,0
2020/2/5,Gansu,57,6,0,0,2,0
2020/2/5,Hunan,661,54,0,68,23,0
2020/2/5,Henan,764,47,2,89,20,0
2020/2/5,Shanxi,81,5,0,7,1,0
2020/2/5,Liaoning,89,4,0,8,2,0
2020/2/5,Hubei,16678,536,479,3156,139,65
2020/2/5,Zhejiang,895,78,0,66,16,0
2020/2/5,Hebei,135,6,1,9,2,0
2020/2/5,Xizang,1,0,0,0,0,0
2020/2/5,Jilin,54,2,0,12,1,0
2020/2/5,Hainan,91,5,1,11,0,0
2020/2/5,Taiwan,11,0,0,0,0,0
2020/2/5,Ningxia,34,1,0,0,0,0
2020/2/5,Jiangxi,548,27,0,72,7,0
2020/2/5,Xinjiang,32,0,0,3,0,0
2020/2/5,Tianjin,69,2,1,2,0,1
2020/2/5,Beijing,253,24,1,25,1,0
2020/2/5,Qinghai,17,3,0,2,3,0
2020/2/5,Yunnan,124,5,0,5,0,0
2020/2/5,Shaanxi,165,6,0,23,4,0
2020/2/5,Neimenggu,42,3,0,7,2,0
2020/2/5,Chongqing,376,15,2,32,6,0
2020/2/5,Sichuan,301,24,1,19,10,0
2020/2/5,Shandong,307,15,0,32,4,0
2020/2/5,Shanghai,243,15,1,24,3,0
2020/2/6,Hunan,711,81,0,50,27,0
2020/2/6,Hainan,106,8,1,15,3,0
2020/2/6,Henan,851,56,2,87,9,0
2020/2/6,Hubei,19665,712,549,2987,176,70
2020/2/6,Guangdong,970,69,0,75,20,0
2020/2/6,Anhui,591,34,0,61,11,0
2020/2/6,Fujian,215,14,0,10,3,0
2020/2/6,Shaanxi,173,9,0,8,3,0
2020/2/6,Hebei,157,13,1,22,7,0
2020/2/6,Jilin,59,4,0,5,2,0
2020/2/6,Liaoning,94,5,0,5,1,0
2020/2/6,Hongkong,24,0,1,3,0,0
2020/2/6,Taiwan,16,1,0,5,1,0
2020/2/6,Chongqing,400,24,2,24,9,0
2020/2/6,Zhejiang,954,94,0,59,16,0
2020/2/6,Shanxi,90,12,0,9,7,0
2020/2/6,Yunnan,133,7,0,9,2,0
2020/2/6,Xizang,1,0,0,0,0,0
2020/2/6,Gansu,62,6,0,5,0,0
2020/2/6,Ningxia,40,1,0,6,0,0
2020/2/6,Qinghai,18,3,0,1,0,0
2020/2/6,Neimenggu,46,4,0,4,1,0
2020/2/6,Jiangxi,600,37,0,52,10,0
2020/2/6,Guangxi,168,14,0,18,1,0
2020/2/6,Guizhou,71,6,1,7,-3,0
2020/2/6,Tianjin,78,2,1,9,0,0
2020/2/6,Shanghai,257,25,1,14,10,0
2020/2/6,Xinjiang,36,0,0,4,0,0
2020/2/6,Shandong,347,27,0,40,12,0
2020/2/6,Jiangsu,373,34,0,32,11,0
2020/2/6,Sichuan,321,31,1,20,7,0
2020/2/6,Heilongjiang,227,8,3,37,1,1
2020/2/6,Beijing,274,31,1,21,7,0
2020/2/7,Hebei,172,22,1,15,9,0
2020/2/7,Neimenggu,50,5,0,4,1,0
2020/2/7,Shandong,386,37,0,39,10,0
2020/2/7,Zhejiang,1006,123,0,52,29,0
2020/2/7,Hunan,772,112,0,61,31,0
2020/2/7,Hongkong,25,0,1,1,0,0
2020/2/7,Chongqing,415,31,2,15,7,0
2020/2/7,Liaoning,99,7,0,5,2,0
2020/2/7,Hainan,117,10,2,11,2,1
2020/2/7,Fujian,224,20,0,9,6,0
2020/2/7,Henan,914,86,3,63,30,1
2020/2/7,Jiangsu,408,43,0,35,9,0
2020/2/7,Hubei,22112,867,618,2447,155,69
2020/2/7,Ningxia,43,5,0,3,4,0
2020/2/7,Shanxi,96,15,0,6,3,0
2020/2/7,Guizhou,81,6,1,10,0,0
2020/2/7,Qinghai,18,3,0,0,0,0
2020/2/7,Yunnan,136,13,0,3,6,0
2020/2/7,Xizang,1,0,0,0,0,0
2020/2/7,Taiwan,16,1,0,0,0,0
2020/2/7,Jilin,65,4,1,6,0,1
2020/2/7,Jiangxi,661,45,0,61,8,0
2020/2/7,Guangxi,172,17,0,4,3,0
2020/2/7,Gansu,67,9,0,5,3,0
2020/2/7,Beijing,297,33,1,23,2,0
2020/2/7,Guangdong,1034,88,1,64,19,1
2020/2/7,Anhui,665,47,0,74,13,0
2020/2/7,Tianjin,81,2,1,3,0,0
2020/2/7,Shanghai,277,30,1,20,5,0
2020/2/7,Heilongjiang,277,12,3,50,4,0
2020/2/7,Shaanxi,184,17,0,11,8,0
2020/2/7,Sichuan,344,42,1,23,11,0
2020/2/7,Xinjiang,39,0,0,3,0,0
2020/2/8,Shaanxi,195,20,0,11,3,0
2020/2/8,Jiangsu,439,51,0,31,8,0
2020/2/8,Hainan,124,14,2,7,4,0
2020/2/8,Zhejiang,1048,175,0,42,52,0
2020/2/8,Chongqing,428,39,2,13,8,0
2020/2/8,Hebei,195,30,1,23,8,0
2020/2/8,Shandong,416,44,0,30,7,0
2020/2/8,Hunan,803,156,1,31,44,1
2020/2/8,Liaoning,105,8,0,6,1,0
2020/2/8,Hubei,24953,1218,699,2841,351,81
2020/2/8,Henan,981,116,4,67,30,1
2020/2/8,Gansu,79,12,1,12,3,1
2020/2/8,Sichuan,364,60,1,20,18,0
2020/2/8,Ningxia,45,15,0,2,10,0
2020/2/8,Guangdong,1095,112,1,61,24,0
2020/2/8,Yunnan,138,17,0,2,4,0
2020/2/8,Heilongjiang,295,13,5,18,1,2
2020/2/8,Tianjin,88,4,1,7,2,0
2020/2/8,Qinghai,18,3,0,0,0,0
2020/2/8,Hongkong,26,0,1,1,0,0
2020/2/8,Jilin,69,4,1,4,0,0
2020/2/8,Jiangxi,698,55,0,37,10,0
2020/2/8,Beijing,315,34,2,18,1,1
2020/2/8,Xinjiang,42,0,0,3,0,0
2020/2/8,Neimenggu,52,5,0,2,0,0
2020/2/8,Xizang,1,0,0,0,0,0
2020/2/8,Taiwan,17,1,0,1,0,0
2020/2/8,Shanghai,286,41,1,9,11,0
2020/2/8,Guizhou,89,7,1,8,1,0
2020/2/8,Shanxi,104,20,0,8,5,0
2020/2/8,Anhui,733,59,0,68,12,0
2020/2/8,Fujian,239,24,0,15,4,0
2020/2/8,Guangxi,183,17,0,11,0,0
2020/2/9,Hubei,27100,1480,780,2147,262,81
2020/2/9,Henan,1033,153,6,52,37,2
2020/2/9,Shanghai,293,44,1,7,3,0
2020/2/9,Gansu,79,15,1,0,3,0
2020/2/9,Zhejiang,1075,201,0,27,26,0
2020/2/9,Chongqing,450,50,2,22,11,0
2020/2/9,Hebei,206,34,2,11,4,1
2020/2/9,Hunan,838,186,1,35,30,0
2020/2/9,Sichuan,386,71,1,22,11,0
2020/2/9,Hainan,131,19,3,7,5,1
2020/2/9,Shandong,444,63,1,28,19,1
2020/2/9,Guangdong,1131,141,1,36,29,0
2020/2/9,Jiangxi,740,74,0,42,19,0
2020/2/9,Liaoning,107,12,0,2,4,0
2020/2/9,Jiangsu,468,71,0,29,20,0
2020/2/9,Guizhou,99,7,1,10,0,0
2020/2/9,Xizang,1,0,0,0,0,0
2020/2/9,Qinghai,18,3,0,0,0,0
2020/2/9,Xinjiang,45,0,0,3,0,0
2020/2/9,Guangxi,195,18,1,12,1,1
2020/2/9,Ningxia,45,13,0,0,-2,0
2020/2/9,Neimenggu,54,5,0,2,0,0
2020/2/9,Shaanxi,208,25,0,13,5,0
2020/2/9,Beijing,326,37,2,11,3,0
2020/2/9,Hongkong,29,0,1,3,0,0
2020/2/9,Heilongjiang,307,14,6,12,1,1
2020/2/9,Yunnan,141,18,0,3,1,0
2020/2/9,Jilin,78,12,1,9,8,0
2020/2/9,Shanxi,115,22,0,11,2,0
2020/2/9,Fujian,250,35,0,11,11,0
2020/2/9,Taiwan,18,1,0,1,0,0
2020/2/9,Anhui,779,72,1,46,13,1
2020/2/9,Tianjin,90,4,1,2,0,0
2020/2/10,Chongqing,473,66,2,23,16,0
2020/2/10,Shaanxi,213,30,0,5,5,0
2020/2/10,Hubei,29631,1854,871,2531,374,91
2020/2/10,Guangdong,1159,167,1,28,26,0
2020/2/10,Henan,1073,191,6,40,38,0
2020/2/10,Hunan,879,208,1,41,22,0
2020/2/10,Jiangxi,771,105,1,31,31,1
2020/2/10,Guangxi,210,24,1,15,6,0
2020/2/10,Jiangsu,492,81,0,24,10,0
2020/2/10,Fujian,261,39,0,11,4,0
2020/2/10,Jilin,80,13,1,2,1,0
2020/2/10,Zhejiang,1092,242,0,17,41,0
2020/2/10,Tianjin,95,8,1,5,4,0
2020/2/10,Guizhou,109,10,1,10,3,0
2020/2/10,Liaoning,108,13,0,1,1,0
2020/2/10,Sichuan,405,80,1,19,9,0
2020/2/10,Hainan,138,19,3,7,0,0
2020/2/10,Hebei,218,41,2,12,7,0
2020/2/10,Xizang,1,0,0,0,0,0
2020/2/10,Taiwan,18,1,0,0,0,0
2020/2/10,Qinghai,18,3,0,0,0,0
2020/2/10,Shanxi,119,25,0,4,3,0
2020/2/10,Hongkong,38,0,1,9,0,0
2020/2/10,Ningxia,49,13,0,4,0,0
2020/2/10,Beijing,337,44,2,11,7,0
2020/2/10,Xinjiang,49,0,0,4,0,0
2020/2/10,Shanghai,299,48,1,6,4,0
2020/2/10,Gansu,83,17,2,4,2,1
2020/2/10,Anhui,830,88,3,51,16,2
2020/2/10,Heilongjiang,331,30,7,24,16,1
2020/2/10,Shandong,466,66,1,22,3,0
2020/2/10,Yunnan,149,19,0,8,1,0
2020/2/10,Neimenggu,58,5,0,4,0,0
2020/2/11,Fujian,267,45,0,6,6,0
2020/2/11,Liaoning,111,19,0,3,6,0
2020/2/11,Shanxi,122,30,0,3,5,0
2020/2/11,Hunan,912,247,1,33,39,0
2020/2/11,Zhejiang,1117,270,0,25,28,0
2020/2/11,Guizhou,127,17,1,18,7,0
2020/2/11,Jiangxi,804,128,1,33,23,0
2020/2/11,Shandong,487,80,1,21,14,0
2020/2/11,Guangdong,1177,212,1,18,45,0
2020/2/11,Hubei,31728,2310,974,2097,456,103
2020/2/11,Tianjin,105,10,2,10,2,1
2020/2/11,Hainan,144,20,3,6,1,0
2020/2/11,Gansu,86,24,2,3,7,0
2020/2/11,Guangxi,215,33,1,5,9,0
2020/2/11,Henan,1105,218,7,32,27,1
2020/2/11,Sichuan,417,85,1,12,5,0
2020/2/11,Xizang,1,0,0,0,0,0
2020/2/11,Hebei,239,48,2,21,7,0
2020/2/11,Taiwan,18,1,0,0,0,0
2020/2/11,Neimenggu,58,5,0,0,0,0
2020/2/11,Beijing,342,48,3,5,4,1
2020/2/11,Shaanxi,219,32,0,6,2,0
2020/2/11,Shanghai,303,52,1,4,4,0
2020/2/11,Jilin,81,18,1,1,5,0
2020/2/11,Jiangsu,515,93,0,23,12,0
2020/2/11,Heilongjiang,360,28,8,29,-2,1
2020/2/11,Xinjiang,55,3,0,6,3,0
2020/2/11,Yunnan,153,20,0,4,1,0
2020/2/11,Anhui,860,105,4,30,17,1
2020/2/11,Hongkong,49,0,1,11,0,0
2020/2/11,Ningxia,53,22,0,4,9,0
2020/2/11,Qinghai,18,5,0,0,2,0
2020/2/11,Chongqing,489,72,2,16,6,0
2020/2/12,Guangdong,1219,275,1,42,63,0
2020/2/12,Sichuan,436,92,1,19,7,0
2020/2/12,Hunan,946,304,2,34,57,1
2020/2/12,Liaoning,116,20,1,5,1,1
2020/2/12,Jilin,83,22,1,2,4,0
2020/2/12,Yunnan,154,26,0,1,6,0
2020/2/12,Hubei,33366,2686,1068,1638,376,94
2020/2/12,Jiangsu,543,125,0,28,32,0
2020/2/12,Henan,1135,246,8,30,28,1
2020/2/12,Gansu,86,29,2,0,5,0
2020/2/12,Tianjin,112,11,2,7,1,0
2020/2/12,Guangxi,222,32,1,7,-1,0
2020/2/12,Fujian,272,53,0,5,8,0
2020/2/12,Heilongjiang,378,31,8,18,3,0
2020/2/12,Shandong,497,92,2,10,12,1
2020/2/12,Hebei,251,54,2,12,6,0
2020/2/12,Taiwan,18,1,0,0,0,0
2020/2/12,Shaanxi,225,43,0,6,11,0
2020/2/12,Jiangxi,844,152,1,40,24,0
2020/2/12,Xinjiang,59,3,0,4,0,0
2020/2/12,Beijing,352,56,3,10,8,0
2020/2/12,Xizang,1,1,0,0,1,0
2020/2/12,Shanghai,311,57,1,8,5,0
2020/2/12,Chongqing,509,87,3,20,15,1
2020/2/12,Qinghai,18,9,0,0,4,0
2020/2/12,Guizhou,133,18,1,6,1,0
2020/2/12,Hongkong,50,1,1,1,1,0
2020/2/12,Shanxi,124,33,0,2,3,0
2020/2/12,Anhui,889,127,4,29,22,0
2020/2/12,Zhejiang,1131,321,0,14,51,0
2020/2/12,Ningxia,58,24,0,5,2,0
2020/2/12,Neimenggu,60,6,0,2,1,0
2020/2/12,Hainan,157,27,3,13,7,0
2020/2/13,Beijing,366,69,3,14,13,0
2020/2/13,Jilin,84,24,1,1,2,0
2020/2/13,Sichuan,451,104,1,15,12,0
2020/2/13,Shandong,509,105,2,12,13,0
2020/2/13,Anhui,910,157,5,21,30,1
2020/2/13,Guangdong,1241,314,2,22,39,1
2020/2/13,Chongqing,525,128,3,16,41,0
2020/2/13,Jiangxi,872,170,1,28,18,0
2020/2/13,Hubei,48206,3459,1310,14840,773,242
2020/2/13,Liaoning,117,22,1,1,2,0
2020/2/13,Henan,1169,296,10,34,50,2
2020/2/13,Hongkong,53,1,1,3,0,0
2020/2/13,Xinjiang,63,6,1,4,3,1
2020/2/13,Gansu,90,39,2,4,10,0
2020/2/13,Zhejiang,1145,360,0,14,39,0
2020/2/13,Hunan,968,339,2,22,35,0
2020/2/13,Xizang,1,1,0,0,0,0
2020/2/13,Heilongjiang,395,33,9,17,2,1
2020/2/13,Jiangsu,570,139,0,27,14,0
2020/2/13,Taiwan,18,1,0,0,0,0
2020/2/13,Ningxia,64,24,0,6,0,0
2020/2/13,Qinghai,18,11,0,0,2,0
2020/2/13,Fujian,279,57,0,7,4,0
2020/2/13,Shanxi,126,33,0,2,0,0
2020/2/13,Tianjin,117,21,3,5,10,1
2020/2/13,Neimenggu,61,6,0,1,0,0
2020/2/13,Hainan,157,30,4,0,3,1
2020/2/13,Yunnan,156,27,0,2,1,0
2020/2/13,Shaanxi,229,46,0,4,3,0
2020/2/13,Guangxi,222,33,2,0,1,1
2020/2/13,Hebei,265,68,3,14,14,1
2020/2/13,Shanghai,315,62,1,4,5,0
2020/2/13,Guizhou,135,27,1,2,9,0
2020/2/14,Yunnan,162,36,0,6,9,0
2020/2/14,Hebei,283,87,3,18,19,0
2020/2/14,Fujian,281,63,0,2,6,0
2020/2/14,Sichuan,463,114,1,12,10,0
2020/2/14,Shandong,523,136,2,14,31,0
2020/2/14,Shaanxi,230,54,0,1,8,0
2020/2/14,Guangxi,226,36,2,4,3,0
2020/2/14,Henan,1184,357,11,15,61,1
2020/2/14,Guangdong,1261,362,2,20,48,0
2020/2/14,Heilongjiang,419,47,11,24,14,2
2020/2/14,Zhejiang,1155,403,0,10,43,0
2020/2/14,Tianjin,120,31,3,3,10,0
2020/2/14,Hainan,159,43,4,2,13,0
2020/2/14,Anhui,934,193,6,24,36,1
2020/2/14,Hubei,51986,3900,1318,3780,441,8
2020/2/14,Liaoning,119,29,1,2,7,0
2020/2/14,Hunan,988,364,2,20,25,0
2020/2/14,Jiangsu,593,157,0,23,18,0
2020/2/14,Xizang,1,1,0,0,0,0
2020/2/14,Qinghai,18,11,0,0,0,0
2020/2/14,Gansu,90,39,2,0,0,0
2020/2/14,Jilin,86,25,1,2,1,0
2020/2/14,Xinjiang,65,6,1,2,0,0
2020/2/14,Jiangxi,900,187,1,28,17,0
2020/2/14,Ningxia,67,24,0,3,0,0
2020/2/14,Chongqing,532,139,5,7,11,2
2020/2/14,Neimenggu,65,6,0,4,0,0
2020/2/14,Taiwan,18,2,0,0,1,0
2020/2/14,Shanghai,318,90,1,3,28,0
2020/2/14,Shanxi,126,38,0,0,5,0
2020/2/14,Beijing,372,80,3,6,11,0
2020/2/14,Guizhou,140,28,1,5,1,0
2020/2/14,Hongkong,56,1,1,3,0,0
2020/2/15,Jilin,88,26,1,2,1,0
2020/2/15,Shaanxi,232,60,0,2,6,0
2020/2/15,Anhui,950,221,6,16,28,0
2020/2/15,Henan,1212,391,13,28,34,2
2020/2/15,Hebei,291,101,3,8,14,0
2020/2/15,Fujian,285,71,0,4,8,0
2020/2/15,Guangdong,1294,410,2,33,48,0
2020/2/15,Tianjin,122,37,3,2,6,0
2020/2/15,Neimenggu,68,7,0,3,1,0
2020/2/15,Gansu,90,49,2,0,10,0
2020/2/15,Guizhou,143,41,1,3,13,0
2020/2/15,Hubei,54406,4821,1457,2420,921,139
2020/2/15,Shanghai,326,124,1,8,34,0
2020/2/15,Hunan,1001,425,2,13,61,0
2020/2/15,Chongqing,538,184,5,6,45,0
2020/2/15,Jiangsu,604,186,0,11,29,0
2020/2/15,Zhejiang,1162,428,0,7,25,0
2020/2/15,Heilongjiang,425,68,11,6,21,0
2020/2/15,Taiwan,18,2,0,0,0,0
2020/2/15,Hongkong,56,1,1,0,0,0
2020/2/15,Jiangxi,913,210,1,13,23,0
2020/2/15,Shanxi,127,42,0,1,4,0
2020/2/15,Yunnan,168,42,0,6,6,0
2020/2/15,Guangxi,235,44,2,9,8,0
2020/2/15,Qinghai,18,13,0,0,2,0
2020/2/15,Xizang,1,1,0,0,0,0
2020/2/15,Sichuan,470,119,1,7,5,0
2020/2/15,Xinjiang,70,10,1,5,4,0
2020/2/15,Liaoning,119,31,1,0,2,0
2020/2/15,Beijing,375,98,4,3,18,1
2020/2/15,Hainan,162,39,4,3,-4,0
2020/2/15,Shandong,532,156,2,9,20,0
2020/2/15,Ningxia,70,33,0,3,9,0
2020/2/16,Macau,10,5,0,10,5,0
2020/2/16,Liaoning,121,40,1,2,9,0
2020/2/16,Hainan,162,52,4,0,13,0
2020/2/16,Guangxi,237,49,2,2,5,0
2020/2/16,Fujian,287,82,0,2,11,0
2020/2/16,Shandong,537,173,2,5,17,0
2020/2/16,Guangdong,1316,465,2,22,55,0
2020/2/16,Shanxi,128,49,0,1,7,0
2020/2/16,Hunan,1004,464,3,3,39,1
2020/2/16,Gansu,90,54,2,0,5,0
2020/2/16,Shaanxi,236,71,0,4,11,0
2020/2/16,Heilongjiang,445,79,11,20,11,0
2020/2/16,Henan,1231,440,13,19,49,0
2020/2/16,Hubei,56249,5666,1596,1843,845,139
2020/2/16,Tianjin,124,45,3,2,8,0
2020/2/16,Taiwan,20,2,1,2,0,1
2020/2/16,Hebei,300,105,3,9,4,0
2020/2/16,Sichuan,481,131,3,11,12,2
2020/2/16,Qinghai,18,13,0,0,0,0
2020/2/16,Ningxia,70,33,0,0,0,0
2020/2/16,Hongkong,56,1,1,0,0,0
2020/2/16,Shanghai,328,140,1,2,16,0
2020/2/16,Chongqing,547,187,5,9,3,0
2020/2/16,Xinjiang,71,12,1,1,2,0
2020/2/16,Neimenggu,70,8,0,2,1,0
2020/2/16,Anhui,962,255,6,12,34,0
2020/2/16,Jiangxi,925,240,1,12,30,0
2020/2/16,Jiangsu,617,218,0,13,32,0
2020/2/16,Xizang,1,1,0,0,0,0
2020/2/16,Zhejiang,1167,456,0,5,28,0
2020/2/16,Yunnan,171,42,0,3,0,0
2020/2/16,Hong Kong,57,2,1,57,2,1
2020/2/16,Jilin,89,30,1,1,4,0
2020/2/16,Beijing,380,108,4,5,10,0
2020/2/16,Guizhou,144,46,1,1,5,0
2020/2/17,Guizhou,146,57,1,2,11,0
2020/2/17,Liaoning,121,43,1,0,3,0
2020/2/17,Zhejiang,1171,507,0,4,51,0
2020/2/17,Hong Kong,58,2,1,1,0,0
2020/2/17,Shanxi,129,51,0,1,2,0
2020/2/17,Shaanxi,240,79,0,4,8,0
2020/2/17,Hunan,1006,498,3,2,34,0
2020/2/17,Hebei,301,122,3,1,17,0
2020/2/17,Tianjin,125,46,3,1,1,0
2020/2/17,Guangdong,1322,524,4,6,59,2
2020/2/17,Sichuan,495,156,3,14,25,0
2020/2/17,Chongqing,552,214,5,5,27,0
2020/2/17,Gansu,91,58,2,1,4,0
2020/2/17,Henan,1246,509,16,15,69,3
2020/2/17,Shandong,541,191,2,4,18,0
2020/2/17,Hubei,58182,6693,1696,1933,1027,100
2020/2/17,Taiwan,22,2,1,2,0,0
2020/2/17,Hainan,163,59,4,1,7,0
2020/2/17,Ningxia,70,35,0,0,2,0
2020/2/17,Jilin,89,34,1,0,4,0
2020/2/17,Xizang,1,1,0,0,0,0
2020/2/17,Qinghai,18,13,0,0,0,0
2020/2/17,Macau,10,5,0,0,0,0
2020/2/17,Hongkong,56,1,1,0,0,0
2020/2/17,Jiangxi,930,275,1,5,35,0
2020/2/17,Xinjiang,75,12,1,4,0,0
2020/2/17,Beijing,381,114,4,1,6,0
2020/2/17,Shanghai,332,161,1,4,21,0
2020/2/17,Heilongjiang,457,85,11,12,6,0
2020/2/17,Anhui,973,280,6,11,25,0
2020/2/17,Yunnan,171,47,0,0,5,0
2020/2/17,Guangxi,238,53,2,1,4,0
2020/2/17,Fujian,290,90,0,3,8,0
2020/2/17,Jiangsu,626,258,0,9,40,0
2020/2/17,Neimenggu,72,8,0,2,0,0
2020/2/18,Guizhou,146,66,2,0,9,1
2020/2/18,Guangxi,242,69,2,4,16,0
2020/2/18,Gansu,91,62,2,0,4,0
2020/2/18,Sichuan,508,169,3,13,13,0
2020/2/18,Jiangsu,629,280,0,3,22,0
2020/2/18,Liaoning,121,53,1,0,10,0
2020/2/18,Zhejiang,1172,535,0,1,28,0
2020/2/18,Shanxi,130,60,0,1,9,0
2020/2/18,Hebei,302,136,4,1,14,1
2020/2/18,Hunan,1007,527,4,1,29,1
2020/2/18,Anhui,982,361,6,9,81,0
2020/2/18,Guangdong,1328,565,4,6,41,0
2020/2/18,Tianjin,128,48,3,3,2,0
2020/2/18,Shaanxi,240,89,0,0,10,0
2020/2/18,Henan,1257,522,19,11,13,3
2020/2/18,Hong Kong,62,2,1,4,0,0
2020/2/18,Shandong,543,211,3,2,20,1
2020/2/18,Ningxia,70,42,0,0,7,0
2020/2/18,Heilongjiang,464,111,11,7,26,0
2020/2/18,Hubei,59989,7943,1789,1807,1250,93
2020/2/18,Xizang,1,1,0,0,0,0
2020/2/18,Taiwan,22,2,1,0,0,0
2020/2/18,Macau,10,5,0,0,0,0
2020/2/18,Hongkong,56,1,1,0,0,0
2020/2/18,Xinjiang,76,12,1,1,0,0
2020/2/18,Jiangxi,933,310,1,3,35,0
2020/2/18,Jilin,89,36,1,0,2,0
2020/2/18,Beijing,387,122,4,6,8,0
2020/2/18,Qinghai,18,15,0,0,2,0
2020/2/18,Chongqing,553,235,5,1,21,0
2020/2/18,Yunnan,172,57,0,1,10,0
2020/2/18,Fujian,292,93,0,2,3,0
2020/2/18,Shanghai,333,177,1,1,16,0
2020/2/18,Neimenggu,73,8,0,1,0,0
2020/2/18,Hainan,163,79,4,0,20,0
2020/2/19,Heilongjiang,470,120,12,6,9,1
2020/2/19,Hunan,1008,561,4,1,34,0
2020/2/19,Fujian,293,112,0,1,19,0
2020/2/19,Shandong,544,231,3,1,20,0
2020/2/19,Hong Kong,63,5,2,1,3,1
2020/2/19,Jiangsu,631,318,0,2,38,0
2020/2/19,Henan,1262,573,19,5,51,0
2020/2/19,Gansu,91,65,2,0,3,0
2020/2/19,Shanxi,131,63,0,1,3,0
2020/2/19,Hebei,306,152,4,4,16,0
2020/2/19,Neimenggu,75,10,0,2,2,0
2020/2/19,Sichuan,514,188,3,6,19,0
2020/2/19,Hubei,61682,9336,1921,1693,1393,132
2020/2/19,Anhui,986,413,6,4,52,0
2020/2/19,Tianjin,130,54,3,2,6,0
2020/2/19,Guizhou,146,70,2,0,4,0
2020/2/19,Zhejiang,1174,604,0,2,69,0
2020/2/19,Shaanxi,242,102,0,2,13,0
2020/2/19,Guangdong,1331,606,5,3,41,1
2020/2/19,Macau,10,5,0,0,0,0
2020/2/19,Hongkong,56,1,1,0,0,0
2020/2/19,Chongqing,555,254,5,2,19,0
2020/2/19,Jiangxi,934,362,1,1,52,0
2020/2/19,Ningxia,71,42,0,1,0,0
2020/2/19,Beijing,393,147,4,6,25,0
2020/2/19,Qinghai,18,16,0,0,1,0
2020/2/19,Liaoning,121,55,1,0,2,0
2020/2/19,Yunnan,173,60,1,1,3,1
2020/2/19,Jilin,90,37,1,1,1,0
2020/2/19,Xinjiang,76,20,1,0,8,0
2020/2/19,Taiwan,23,2,1,1,0,0
2020/2/19,Guangxi,244,86,2,2,17,0
2020/2/19,Hainan,163,84,4,0,5,0
2020/2/19,Shanghai,333,186,2,0,9,1
2020/2/19,Xizang,1,1,0,0,0,0
2020/2/20,Zhejiang,1175,633,1,1,29,1
2020/2/20,Anhui,987,474,6,1,61,0
2020/2/20,Hainan,168,86,4,5,2,0
2020/2/20,Hebei,307,169,5,1,17,1
2020/2/20,Hubei,62031,10521,2029,349,1185,108
2020/2/20,Shandong,546,254,4,2,23,1
2020/2/20,Hunan,1010,634,4,2,73,0
2020/2/20,Gansu,91,71,2,0,6,0
2020/2/20,Fujian,293,126,1,0,14,1
2020/2/20,Neimenggu,75,16,0,0,6,0
2020/2/20,Jiangsu,631,356,0,0,38,0
2020/2/20,Tianjin,131,59,3,1,5,0
2020/2/20,Xinjiang,76,22,1,0,2,0
2020/2/20,Henan,1265,637,19,3,64,0
2020/2/20,Sichuan,520,217,3,6,29,0
2020/2/20,Guangdong,1332,642,5,1,36,0
2020/2/20,Shaanxi,245,118,1,3,16,1
2020/2/20,Shanxi,131,73,0,0,10,0
2020/2/20,Heilongjiang,476,136,12,6,16,0
2020/2/20,Hong Kong,67,6,2,4,1,0
2020/2/20,Xizang,1,1,0,0,0,0
2020/2/20,Qinghai,18,16,0,0,0,0
2020/2/20,Hongkong,56,1,1,0,0,0
2020/2/20,Chongqing,560,274,5,5,20,0
2020/2/20,Beijing,395,153,4,2,6,0
2020/2/20,Macau,10,6,0,0,1,0
2020/2/20,Jiangxi,934,433,1,0,71,0
2020/2/20,Ningxia,71,44,0,0,2,0
2020/2/20,Yunnan,173,79,1,0,19,0
2020/2/20,Shanghai,334,199,2,1,13,0
2020/2/20,Liaoning,121,59,1,0,4,0
2020/2/20,Jilin,91,43,1,1,6,0
2020/2/20,Guizhou,146,72,2,0,2,0
2020/2/20,Taiwan,24,2,1,1,0,0
2020/2/20,Guangxi,245,90,2,1,4,0
2020/2/21,Guangdong,1333,690,5,1,48,0
2020/2/21,Shandong,749,281,4,203,27,0
2020/2/21,Zhejiang,1203,679,1,28,46,0
2020/2/21,Shaanxi,245,134,1,0,16,0
2020/2/21,Fujian,293,149,1,0,23,0
2020/2/21,Heilongjiang,479,175,12,3,39,0
2020/2/21,Jiangsu,631,373,0,0,17,0
2020/2/21,Anhui,988,539,6,1,65,0
2020/2/21,Tianjin,132,62,3,1,3,0
2020/2/21,Guizhou,146,77,2,0,5,0
2020/2/21,Hebei,308,184,5,1,15,0
2020/2/21,Sichuan,525,231,3,5,14,0
2020/2/21,Hubei,62662,11881,2144,631,1360,115
2020/2/21,Guangxi,246,97,2,1,7,0
2020/2/21,Hainan,168,95,4,0,9,0
2020/2/21,Ningxia,71,48,0,0,4,0
2020/2/21,Neimenggu,75,17,0,0,1,0
2020/2/21,Taiwan,26,2,1,2,0,0
2020/2/21,Yunnan,174,96,2,1,17,1
2020/2/21,Shanghai,334,211,2,0,12,0
2020/2/21,Qinghai,18,18,0,0,2,0
2020/2/21,Liaoning,121,61,1,0,2,0
2020/2/21,Jiangxi,934,489,1,0,56,0
2020/2/21,Beijing,396,169,4,1,16,0
2020/2/21,Chongqing,567,299,6,7,25,1
2020/2/21,Shanxi,132,76,0,1,3,0
2020/2/21,Hongkong,56,1,1,0,0,0
2020/2/21,Macau,10,6,0,0,0,0
2020/2/21,Xizang,1,1,0,0,0,0
2020/2/21,Henan,1267,736,19,2,99,0
2020/2/21,Jilin,91,45,1,0,2,0
2020/2/21,Hong Kong,68,5,2,1,-1,0
2020/2/21,Xinjiang,76,24,1,0,2,0
2020/2/21,Hunan,1011,661,4,1,27,0
2020/2/21,Gansu,91,76,2,0,5,0
2020/2/22,Taiwan,26,2,1,0,0,0
2020/2/22,Hunan,1013,692,4,2,31,0
2020/2/22,Guangdong,1339,728,5,6,38,0
2020/2/22,Xinjiang,76,25,2,0,1,1
2020/2/22,Heilongjiang,479,204,12,0,29,0
2020/2/22,Zhejiang,1205,719,1,2,40,0
2020/2/22,Tianjin,135,65,3,3,3,0
2020/2/22,Hainan,168,104,4,0,9,0
2020/2/22,Hebei,309,203,6,1,19,1
2020/2/22,Hubei,63454,13690,2250,792,1809,106
2020/2/22,Hong Kong,69,6,2,1,1,0
2020/2/22,Neimenggu,75,23,0,0,6,0
2020/2/22,Fujian,293,162,1,0,13,0
2020/2/22,Henan,1270,830,19,3,94,0
2020/2/22,Xizang,1,1,0,0,0,0
2020/2/22,Sichuan,526,250,3,1,19,0
2020/2/22,Shaanxi,245,149,1,0,15,0
2020/2/22,Jilin,91,52,1,0,7,0
2020/2/22,Shanxi,132,79,0,0,3,0
2020/2/22,Shandong,750,302,4,1,21,0
2020/2/22,Ningxia,71,48,0,0,0,0
2020/2/22,Macau,10,6,0,0,0,0
2020/2/22,Hongkong,56,1,1,0,0,0
2020/2/22,Gansu,91,76,2,0,0,0
2020/2/22,Chongqing,572,316,6,5,17,0
2020/2/22,Guizhou,146,90,2,0,13,0
2020/2/22,Beijing,399,178,4,3,9,0
2020/2/22,Qinghai,18,18,0,0,0,0
2020/2/22,Yunnan,174,107,2,0,11,0
2020/2/22,Guangxi,249,104,2,3,7,0
2020/2/22,Jiangxi,934,555,1,0,66,0
2020/2/22,Shanghai,335,227,3,1,16,1
2020/2/22,Jiangsu,631,401,0,0,28,0
2020/2/22,Anhui,989,597,6,1,58,0
2020/2/22,Liaoning,121,66,1,0,5,0
2020/2/23,Anhui,989,637,6,0,40,0
2020/2/23,Henan,1271,868,19,1,38,0
2020/2/23,Guangdong,1342,755,6,3,27,1
2020/2/23,Shanxi,132,89,0,0,10,0
2020/2/23,Hebei,311,219,6,2,16,0
2020/2/23,Shandong,754,321,4,4,19,0
2020/2/23,Shaanxi,245,163,1,0,14,0
2020/2/23,Tianjin,135,81,3,0,16,0
2020/2/23,Jilin,91,54,1,0,2,0
2020/2/23,Guizhou,146,102,2,0,12,0
2020/2/23,Gansu,91,78,2,0,2,0
2020/2/23,Liaoning,121,73,1,0,7,0
2020/2/23,Heilongjiang,480,222,12,1,18,0
2020/2/23,Xinjiang,76,28,2,0,3,0
2020/2/23,Hubei,64084,15343,2346,630,1653,96
2020/2/23,Jiangxi,934,613,1,0,58,0
2020/2/23,Zhejiang,1205,760,1,0,41,0
2020/2/23,Sichuan,526,261,3,0,11,0
2020/2/23,Xizang,1,1,0,0,0,0
2020/2/23,Qinghai,18,18,0,0,0,0
2020/2/23,Macau,10,6,0,0,0,0
2020/2/23,Ningxia,71,56,0,0,8,0
2020/2/23,Taiwan,28,2,1,2,0,0
2020/2/23,Neimenggu,75,27,0,0,4,0
2020/2/23,Yunnan,174,115,2,0,8,0
2020/2/23,Hainan,168,106,4,0,2,0
2020/2/23,Hunan,1016,714,4,3,22,0
2020/2/23,Hong Kong,74,11,2,5,5,0
2020/2/23,Shanghai,335,249,3,0,22,0
2020/2/23,Fujian,293,170,1,0,8,0
2020/2/23,Guangxi,249,106,2,0,2,0
2020/2/23,Beijing,399,189,4,0,11,0
2020/2/23,Jiangsu,631,418,0,0,17,0
2020/2/23,Chongqing,573,328,6,1,12,0
2020/2/23,Hongkong,56,1,1,0,0,0
2020/2/24,Shandong,755,343,5,1,22,1
2020/2/24,Hubei,64287,16748,2495,203,1405,149
2020/2/24,Hong Kong,79,19,2,5,8,0
2020/2/24,Henan,1271,943,19,0,75,0
2020/2/24,Hebei,311,234,6,0,15,0
2020/2/24,Sichuan,527,276,3,1,15,0
2020/2/24,Hunan,1016,731,4,0,17,0
2020/2/24,Heilongjiang,480,227,12,0,5,0
2020/2/24,Shaanxi,245,173,1,0,10,0
2020/2/24,Jiangsu,631,452,0,0,34,0
2020/2/24,Neimenggu,75,34,0,0,7,0
2020/2/24,Shanxi,132,91,0,0,2,0
2020/2/24,Xinjiang,76,30,2,0,2,0
2020/2/24,Tianjin,135,87,3,0,6,0
2020/2/24,Guangdong,1345,786,6,3,31,0
2020/2/24,Hainan,168,116,5,0,10,1
2020/2/24,Gansu,91,80,2,0,2,0
2020/2/24,Fujian,293,183,1,0,13,0
2020/2/24,Zhejiang,1205,782,1,0,22,0
2020/2/24,Taiwan,30,5,1,2,3,0
2020/2/24,Xizang,1,1,0,0,0,0
2020/2/24,Qinghai,18,18,0,0,0,0
2020/2/24,Macau,10,6,0,0,0,0
2020/2/24,Hongkong,56,1,1,0,0,0
2020/2/24,Chongqing,575,335,6,2,7,0
2020/2/24,Beijing,399,198,4,0,9,0
2020/2/24,Guizhou,146,102,2,0,0,0
2020/2/24,Ningxia,71,58,0,0,2,0
2020/2/24,Liaoning,121,80,1,0,7,0
2020/2/24,Guangxi,251,112,2,2,6,0
2020/2/24,Shanghai,335,261,3,0,12,0
2020/2/24,Jilin,93,60,1,2,6,0
2020/2/24,Yunnan,174,128,2,0,13,0
2020/2/24,Anhui,989,663,6,0,26,0
2020/2/24,Jiangxi,934,645,1,0,32,0
2020/2/25,Shandong,756,355,6,1,12,1
2020/2/25,Fujian,294,199,1,1,16,0
2020/2/25,Guangxi,252,134,2,1,22,0
2020/2/25,Henan,1271,1002,19,0,59,0
2020/2/25,Hebei,311,248,6,0,14,0
2020/2/25,Hainan,168,124,5,0,8,0
2020/2/25,Hunan,1016,768,4,0,37,0
2020/2/25,Hong Kong,84,19,2,5,0,0
2020/2/25,Macau,10,7,0,0,1,0
2020/2/25,Jilin,93,63,1,0,3,0
2020/2/25,Tianjin,135,91,3,0,4,0
2020/2/25,Shaanxi,245,186,1,0,13,0
2020/2/25,Heilongjiang,480,243,12,0,16,0
2020/2/25,Hubei,64786,18971,2563,499,2223,68
2020/2/25,Jiangxi,934,683,1,0,38,0
2020/2/25,Zhejiang,1205,808,1,0,26,0
2020/2/25,Sichuan,529,289,3,2,13,0
2020/2/25,Guizhou,146,104,2,0,2,0
2020/2/25,Xinjiang,76,30,2,0,0,0
2020/2/25,Qinghai,18,18,0,0,0,0
2020/2/25,Neimenggu,75,34,0,0,0,0
2020/2/25,Hongkong,56,1,1,0,0,0
2020/2/25,Gansu,91,80,2,0,0,0
2020/2/25,Chongqing,576,349,6,1,14,0
2020/2/25,Liaoning,121,83,1,0,3,0
2020/2/25,Jiangsu,631,458,0,0,6,0
2020/2/25,Guangdong,1347,822,7,2,36,1
2020/2/25,Beijing,400,215,4,1,17,0
2020/2/25,Ningxia,71,61,0,0,3,0
2020/2/25,Shanxi,133,96,0,1,5,0
2020/2/25,Yunnan,174,129,2,0,1,0
2020/2/25,Shanghai,336,268,3,1,7,0
2020/2/25,Anhui,989,712,6,0,49,0
2020/2/25,Taiwan,31,5,1,1,0,0
2020/2/25,Xizang,1,1,0,0,0,0
2020/2/26,Guangdong,1347,851,7,0,29,0
2020/2/26,Henan,1271,1033,19,0,31,0
2020/2/26,Tianjin,135,96,3,0,5,0
2020/2/26,Hainan,168,129,5,0,5,0
2020/2/26,Shandong,756,377,6,0,22,0
2020/2/26,Hong Kong,89,24,2,5,5,0
2020/2/26,Shanxi,133,104,0,0,8,0
2020/2/26,Gansu,91,81,2,0,1,0
2020/2/26,Jilin,93,65,1,0,2,0
2020/2/26,Zhejiang,1205,867,1,0,59,0
2020/2/26,Shaanxi,245,192,1,0,6,0
2020/2/26,Guangxi,252,147,2,0,13,0
2020/2/26,Xinjiang,76,34,2,0,4,0
2020/2/26,Neimenggu,75,38,0,0,4,0
2020/2/26,Hubei,65187,20969,2615,401,1998,52
2020/2/26,Heilongjiang,480,249,12,0,6,0
2020/2/26,Taiwan,32,5,1,1,0,0
2020/2/26,Hebei,312,261,6,1,13,0
2020/2/26,Xizang,1,1,0,0,0,0
2020/2/26,Qinghai,18,18,0,0,0,0
2020/2/26,Macau,10,7,0,0,0,0
2020/2/26,Hongkong,56,1,1,0,0,0
2020/2/26,Guizhou,146,104,2,0,0,0
2020/2/26,Liaoning,121,88,1,0,5,0
2020/2/26,Beijing,400,235,4,0,20,0
2020/2/26,Jiangxi,934,719,1,0,36,0
2020/2/26,Fujian,294,218,1,0,19,0
2020/2/26,Shanghai,336,272,3,0,4,0
2020/2/26,Yunnan,174,144,2,0,15,0
2020/2/26,Chongqing,576,373,6,0,24,0
2020/2/26,Jiangsu,631,478,0,0,20,0
2020/2/26,Sichuan,531,307,3,2,18,0
2020/2/26,Hunan,1016,783,4,0,15,0
2020/2/26,Anhui,989,744,6,0,32,0
2020/2/26,Ningxia,71,65,0,0,4,0
2020/2/27,Shaanxi,245,195,1,0,3,0
2020/2/27,Heilongjiang,480,270,13,0,21,1
2020/2/27,Hunan,1017,804,4,1,21,0
2020/2/27,Sichuan,534,321,3,3,14,0
2020/2/27,Zhejiang,1205,932,1,0,65,0
2020/2/27,Macau,10,8,0,0,1,0
2020/2/27,Xinjiang,76,43,2,0,9,0
2020/2/27,Tianjin,135,102,3,0,6,0
2020/2/27,Shanxi,133,106,0,0,2,0
2020/2/27,Liaoning,121,93,1,0,5,0
2020/2/27,Jiangsu,631,498,0,0,20,0
2020/2/27,Anhui,989,792,6,0,48,0
2020/2/27,Shandong,756,387,6,0,10,0
2020/2/27,Neimenggu,75,42,0,0,4,0
2020/2/27,Hebei,317,274,6,5,13,0
2020/2/27,Jilin,93,67,1,0,2,0
2020/2/27,Henan,1272,1068,20,1,35,1
2020/2/27,Hubei,65596,23383,2641,409,2414,26
2020/2/27,Fujian,296,228,1,2,10,0
2020/2/27,Xizang,1,1,0,0,0,0
2020/2/27,Taiwan,32,5,1,0,0,0
2020/2/27,Qinghai,18,18,0,0,0,0
2020/2/27,Hongkong,56,1,1,0,0,0
2020/2/27,Gansu,91,81,2,0,0,0
2020/2/27,Chongqing,576,384,6,0,11,0
2020/2/27,Guizhou,146,112,2,0,8,0
2020/2/27,Guangxi,252,161,2,0,14,0
2020/2/27,Beijing,410,248,5,10,13,1
2020/2/27,Shanghai,337,276,3,1,4,0
2020/2/27,Hong Kong,92,24,2,3,0,0
2020/2/27,Guangdong,1347,890,7,0,39,0
2020/2/27,Ningxia,72,68,0,1,3,0
2020/2/27,Yunnan,174,150,2,0,6,0
2020/2/27,Hainan,168,131,5,0,2,0
2020/2/27,Jiangxi,934,754,1,0,35,0
2020/2/28,Xinjiang,76,52,3,0,9,1
2020/2/28,Jilin,93,73,1,0,6,0
2020/2/28,Jiangsu,631,515,0,0,17,0
2020/2/28,Guangdong,1348,935,7,1,45,0
2020/2/28,Hainan,168,133,5,0,2,0
2020/2/28,Hebei,318,277,6,1,3,0
2020/2/28,Shaanxi,245,199,1,0,4,0
2020/2/28,Henan,1272,1112,20,0,44,0
2020/2/28,Guangxi,252,168,2,0,7,0
2020/2/28,Hunan,1017,830,4,0,26,0
2020/2/28,Sichuan,538,338,3,4,17,0
2020/2/28,Shandong,756,405,6,0,18,0
2020/2/28,Zhejiang,1205,975,1,0,43,0
2020/2/28,Neimenggu,75,45,0,0,3,0
2020/2/28,Fujian,296,235,1,0,7,0
2020/2/28,Hong Kong,94,30,2,2,6,0
2020/2/28,Taiwan,34,6,1,2,1,0
2020/2/28,Yunnan,174,156,2,0,6,0
2020/2/28,Shanxi,133,109,0,0,3,0
2020/2/28,Xizang,1,1,0,0,0,0
2020/2/28,Qinghai,18,18,0,0,0,0
2020/2/28,Ningxia,72,68,0,0,0,0
2020/2/28,Macau,10,8,0,0,0,0
2020/2/28,Hongkong,56,1,1,0,0,0
2020/2/28,Guizhou,146,112,2,0,0,0
2020/2/28,Tianjin,136,102,3,1,0,0
2020/2/28,Liaoning,121,93,1,0,0,0
2020/2/28,Jiangxi,935,790,1,1,36,0
2020/2/28,Beijing,410,257,7,0,9,2
2020/2/28,Gansu,91,82,2,0,1,0
2020/2/28,Anhui,990,821,6,1,29,0
2020/2/28,Heilongjiang,480,283,13,0,13,0
2020/2/28,Chongqing,576,402,6,0,18,0
2020/2/28,Shanghai,337,279,3,0,3,0
2020/2/28,Hubei,65914,26403,2682,318,3020,41
2020/2/29,Heilongjiang,480,301,13,0,18,0
2020/2/29,Zhejiang,1205,1016,1,0,41,0
2020/2/29,Hainan,168,147,5,0,14,0
2020/2/29,Xinjiang,76,62,3,0,10,0
2020/2/29,Tianjin,136,109,3,0,7,0
2020/2/29,Guangxi,252,176,2,0,8,0
2020/2/29,Jilin,93,75,1,0,2,0
2020/2/29,Guangdong,1349,983,7,1,48,0
2020/2/29,Hubei,66337,28993,2727,423,2590,45
2020/2/29,Henan,1272,1170,21,0,58,1
2020/2/29,Liaoning,121,96,1,0,3,0
2020/2/29,Hebei,318,282,6,0,5,0
2020/2/29,Fujian,296,243,1,0,8,0
2020/2/29,Hunan,1018,846,4,1,16,0
2020/2/29,Shandong,756,421,6,0,16,0
2020/2/29,Sichuan,538,351,3,0,13,0
2020/2/29,Shaanxi,245,207,1,0,8,0
2020/2/29,Anhui,990,868,6,0,47,0
2020/2/29,Jiangsu,631,523,0,0,8,0
2020/2/29,Neimenggu,75,49,0,0,4,0
2020/2/29,Xizang,1,1,0,0,0,0
2020/2/29,Qinghai,18,18,0,0,0,0
2020/2/29,Macau,10,8,0,0,0,0
2020/2/29,Hongkong,56,1,1,0,0,0
2020/2/29,Hong Kong,94,30,2,0,0,0
2020/2/29,Guizhou,146,112,2,0,0,0
2020/2/29,Gansu,91,82,2,0,0,0
2020/2/29,Shanxi,133,113,0,0,4,0
2020/2/29,Jiangxi,935,811,1,0,21,0
2020/2/29,Beijing,411,271,8,1,14,1
2020/2/29,Chongqing,576,422,6,0,20,0
2020/2/29,Ningxia,73,69,0,1,1,0
2020/2/29,Shanghai,337,287,3,0,8,0
2020/2/29,Taiwan,39,9,1,5,3,0
2020/2/29,Yunnan,174,157,2,0,1,0
2020/3/1,Hubei,66907,31536,2761,570,2543,34
2020/3/1,Hunan,1018,866,4,0,20,0
2020/3/1,Hainan,168,149,5,0,2,0
2020/3/1,Zhejiang,1205,1046,1,0,30,0
2020/3/1,Heilongjiang,480,342,13,0,41,0
2020/3/1,Shandong,758,443,6,2,22,0
2020/3/1,Sichuan,538,365,3,0,14,0
2020/3/1,Henan,1272,1198,22,0,28,1
2020/3/1,Tianjin,136,111,3,0,2,0
2020/3/1,Hebei,318,294,6,0,12,0
2020/3/1,Anhui,990,873,6,0,5,0
2020/3/1,Guangdong,1349,1016,7,0,33,0
2020/3/1,Gansu,91,84,2,0,2,0
2020/3/1,Hong Kong,96,36,2,2,6,0
2020/3/1,Liaoning,122,103,1,1,7,0
2020/3/1,Jiangsu,631,536,0,0,13,0
2020/3/1,Neimenggu,75,52,0,0,3,0
2020/3/1,Jiangxi,935,831,1,0,20,0
2020/3/1,Qinghai,18,18,0,0,0,0
2020/3/1,Ningxia,73,69,0,0,0,0
2020/3/1,Macau,10,8,0,0,0,0
2020/3/1,Hongkong,56,1,1,0,0,0
2020/3/1,Guizhou,146,112,2,0,0,0
2020/3/1,Xinjiang,76,64,3,0,2,0
2020/3/1,Beijing,413,276,8,2,5,0
2020/3/1,Shanxi,133,115,0,0,2,0
2020/3/1,Yunnan,174,163,2,0,6,0
2020/3/1,Shanghai,337,290,3,0,3,0
2020/3/1,Taiwan,40,9,1,1,0,0
2020/3/1,Chongqing,576,442,6,0,20,0
2020/3/1,Jilin,93,78,1,0,3,0
2020/3/1,Shaanxi,245,208,1,0,1,0
2020/3/1,Fujian,296,247,1,0,4,0
2020/3/1,Guangxi,252,181,2,0,5,0
2020/3/1,Xizang,1,1,0,0,0,0
2020/3/2,Jiangsu,631,543,0,0,7,0
2020/3/2,Guangxi,252,192,2,0,11,0
2020/3/2,Heilongjiang,480,356,13,0,14,0
2020/3/2,Zhejiang,1206,1069,1,1,23,0
2020/3/2,Hunan,1018,887,4,0,21,0
2020/3/2,Fujian,296,255,1,0,8,0
2020/3/2,Gansu,91,85,2,0,1,0
2020/3/2,Shanxi,133,117,0,0,2,0
2020/3/2,Anhui,990,917,6,0,44,0
2020/3/2,Sichuan,538,386,3,0,21,0
2020/3/2,Guangdong,1350,1059,7,1,43,0
2020/3/2,Hubei,67103,33934,2803,196,2398,42
2020/3/2,Xinjiang,76,66,3,0,2,0
2020/3/2,Henan,1272,1205,22,0,7,0
2020/3/2,Jilin,93,83,1,0,5,0
2020/3/2,Neimenggu,75,54,0,0,2,0
2020/3/2,Hebei,318,296,6,0,2,0
2020/3/2,Tianjin,136,111,3,0,0,0
2020/3/2,Shanghai,337,292,3,0,2,0
2020/3/2,Qinghai,18,18,0,0,0,0
2020/3/2,Macau,10,8,0,0,0,0
2020/3/2,Hongkong,56,1,1,0,0,0
2020/3/2,Hainan,168,149,5,0,0,0
2020/3/2,Guizhou,146,114,2,0,2,0
2020/3/2,Hong Kong,98,36,2,2,0,0
2020/3/2,Jiangxi,935,850,1,0,19,0
2020/3/2,Chongqing,576,450,6,0,8,0
2020/3/2,Liaoning,122,103,1,0,0,0
2020/3/2,Yunnan,174,168,2,0,5,0
2020/3/2,Xizang,1,1,0,0,0,0
2020/3/2,Taiwan,41,12,1,1,3,0
2020/3/2,Shandong,758,460,6,0,17,0
2020/3/2,Beijing,414,282,8,1,6,0
2020/3/2,Shaanxi,245,216,1,0,8,0
2020/3/2,Ningxia,74,69,0,1,0,0
2020/3/3,Heilongjiang,480,366,13,0,10,0
2020/3/3,Hainan,168,152,5,0,3,0
2020/3/3,Hubei,67217,36208,2835,114,2274,32
2020/3/3,Hong Kong,100,37,2,2,1,0
2020/3/3,Macau,10,9,0,0,1,0
2020/3/3,Zhejiang,1213,1093,1,7,24,0
2020/3/3,Hunan,1018,906,4,0,19,0
2020/3/3,Shanghai,338,294,3,1,2,0
2020/3/3,Fujian,296,260,1,0,5,0
2020/3/3,Liaoning,125,106,1,3,3,0
2020/3/3,Anhui,990,936,6,0,19,0
2020/3/3,Tianjin,136,124,3,0,13,0
2020/3/3,Henan,1272,1231,22,0,26,0
2020/3/3,Guangdong,1350,1101,7,0,42,0
2020/3/3,Jiangsu,631,562,0,0,19,0
2020/3/3,Gansu,91,86,2,0,1,0
2020/3/3,Sichuan,538,394,3,0,8,0
2020/3/3,Beijing,414,288,8,0,6,0
2020/3/3,Hebei,318,300,6,0,4,0
2020/3/3,Xizang,1,1,0,0,0,0
2020/3/3,Shaanxi,245,216,1,0,0,0
2020/3/3,Qinghai,18,18,0,0,0,0
2020/3/3,Ningxia,74,69,0,0,0,0
2020/3/3,Jilin,93,83,1,0,0,0
2020/3/3,Hongkong,56,1,1,0,0,0
2020/3/3,Guizhou,146,114,2,0,0,0
2020/3/3,Shanxi,133,120,0,0,3,0
2020/3/3,Chongqing,576,469,6,0,19,0
2020/3/3,Jiangxi,935,870,1,0,20,0
2020/3/3,Yunnan,174,169,2,0,1,0
2020/3/3,Taiwan,42,12,1,1,0,0
2020/3/3,Xinjiang,76,68,3,0,2,0
2020/3/3,Shandong,758,511,6,0,51,0
2020/3/3,Neimenggu,75,59,1,0,5,1
2020/3/3,Guangxi,252,202,2,0,10,0
2020/3/4,Jiangsu,631,577,0,0,15,0
2020/3/4,Fujian,296,270,1,0,10,0
2020/3/4,Heilongjiang,480,373,13,0,7,0
2020/3/4,Zhejiang,1213,1114,1,0,21,0
2020/3/4,Anhui,990,956,6,0,20,0
2020/3/4,Guangdong,1350,1133,7,0,32,0
2020/3/4,Sichuan,538,406,3,0,12,0
2020/3/4,Macau,10,9,0,0,0,0
2020/3/4,Hubei,67332,38557,2871,115,2349,36
2020/3/4,Gansu,91,87,2,0,1,0
2020/3/4,Xinjiang,76,69,3,0,1,0
2020/3/4,Neimenggu,75,63,1,0,4,0
2020/3/4,Shaanxi,245,223,1,0,7,0
2020/3/4,Hunan,1018,916,4,0,10,0
2020/3/4,Hebei,318,301,6,0,1,0
2020/3/4,Shandong,758,516,6,0,5,0
2020/3/4,Jilin,93,86,1,0,3,0
2020/3/4,Yunnan,174,169,2,0,0,0
2020/3/4,Hong Kong,102,37,2,2,0,0
2020/3/4,Xizang,1,1,0,0,0,0
2020/3/4,Tianjin,136,124,3,0,0,0
2020/3/4,Taiwan,42,12,1,0,0,0
2020/3/4,Qinghai,18,18,0,0,0,0
2020/3/4,Liaoning,125,106,1,0,0,0
2020/3/4,Hongkong,56,1,1,0,0,0
2020/3/4,Guizhou,146,114,2,0,0,0
2020/3/4,Hainan,168,158,5,0,6,0
2020/3/4,Chongqing,576,490,6,0,21,0
2020/3/4,Guangxi,252,210,2,0,8,0
2020/3/4,Henan,1272,1234,22,0,3,0
2020/3/4,Ningxia,75,69,0,1,0,0
2020/3/4,Jiangxi,935,884,1,0,14,0
2020/3/4,Beijing,417,294,8,3,6,0
2020/3/4,Shanghai,338,298,3,0,4,0
2020/3/4,Shanxi,133,124,0,0,4,0
2020/3/5,Fujian,296,277,1,0,7,0
2020/3/5,Guangxi,252,214,2,0,4,0
2020/3/5,Zhejiang,1215,1124,1,2,10,0
2020/3/5,Jilin,93,88,1,0,2,0
2020/3/5,Henan,1272,1244,22,0,10,0
2020/3/5,Shanxi,133,126,0,0,2,0
2020/3/5,Hebei,318,304,6,0,3,0
2020/3/5,Guangdong,1351,1188,7,1,55,0
2020/3/5,Jiangsu,631,583,0,0,6,0
2020/3/5,Sichuan,539,425,3,1,19,0
2020/3/5,Shandong,758,578,6,0,62,0
2020/3/5,Hubei,67466,40592,2902,134,2035,31
2020/3/5,Gansu,102,87,2,11,0,0
2020/3/5,Hunan,1018,938,4,0,22,0
2020/3/5,Taiwan,44,12,1,2,0,0
2020/3/5,Neimenggu,75,64,1,0,1,0
2020/3/5,Shanghai,339,303,3,1,5,0
2020/3/5,Yunnan,174,169,2,0,0,0
2020/3/5,Shaanxi,245,224,1,0,1,0
2020/3/5,Xizang,1,1,0,0,0,0
2020/3/5,Qinghai,18,18,0,0,0,0
2020/3/5,Ningxia,75,69,0,0,0,0
2020/3/5,Macau,10,9,0,0,0,0
2020/3/5,Hongkong,56,1,1,0,0,0
2020/3/5,Guizhou,146,114,2,0,0,0
2020/3/5,Beijing,418,297,8,1,3,0
2020/3/5,Liaoning,125,106,1,0,0,0
2020/3/5,Hong Kong,105,43,2,3,6,0
2020/3/5,Heilongjiang,481,379,13,1,6,0
2020/3/5,Jiangxi,935,901,1,0,17,0
2020/3/5,Tianjin,136,128,3,0,4,0
2020/3/5,Anhui,990,970,6,0,14,0
2020/3/5,Xinjiang,76,70,3,0,1,0
2020/3/5,Hainan,168,158,6,0,0,1
2020/3/5,Chongqing,576,502,6,0,12,0
2020/3/6,Ningxia,75,71,0,0,2,0
2020/3/6,Zhejiang,1215,1147,1,0,23,0
2020/3/6,Chongqing,576,513,6,0,11,0
2020/3/6,Hunan,1018,955,4,0,17,0
2020/3/6,Shandong,758,618,6,0,40,0
2020/3/6,Hong Kong,106,46,2,1,3,0
2020/3/6,Fujian,296,284,1,0,7,0
2020/3/6,Jiangsu,631,594,0,0,11,0
2020/3/6,Sichuan,539,442,3,0,17,0
2020/3/6,Beijing,422,299,8,4,2,0
2020/3/6,Guangdong,1352,1216,7,1,28,0
2020/3/6,Jiangxi,935,909,1,0,8,0
2020/3/6,Gansu,119,87,2,17,0,0
2020/3/6,Heilongjiang,481,396,13,0,17,0
2020/3/6,Hubei,67592,42033,2931,126,1441,29
2020/3/6,Taiwan,45,12,1,1,0,0
2020/3/6,Shaanxi,245,226,1,0,2,0
2020/3/6,Xizang,1,1,0,0,0,0
2020/3/6,Jilin,93,90,1,0,2,0
2020/3/6,Henan,1272,1243,22,0,-1,0
2020/3/6,Tianjin,136,128,3,0,0,0
2020/3/6,Shanxi,133,126,0,0,0,0
2020/3/6,Qinghai,18,18,0,0,0,0
2020/3/6,Liaoning,125,106,1,0,0,0
2020/3/6,Hainan,168,158,6,0,0,0
2020/3/6,Guizhou,146,114,2,0,0,0
2020/3/6,Hongkong,56,1,1,0,0,0
2020/3/6,Guangxi,252,217,2,0,3,0
2020/3/6,Yunnan,174,170,2,0,1,0
2020/3/6,Anhui,990,979,6,0,9,0
2020/3/6,Hebei,318,305,6,0,1,0
2020/3/6,Xinjiang,76,71,3,0,1,0
2020/3/6,Shanghai,342,306,3,3,3,0
2020/3/6,Macau,10,10,0,0,1,0
2020/3/6,Neimenggu,75,65,1,0,1,0
2020/3/7,Hubei,67666,43500,2959,74,1467,28
2020/3/7,Hunan,1018,960,4,0,5,0
2020/3/7,Zhejiang,1215,1154,1,0,7,0
2020/3/7,Heilongjiang,481,403,13,0,7,0
2020/3/7,Hong Kong,108,51,2,2,5,0
2020/3/7,Guangdong,1352,1237,7,0,21,0
2020/3/7,Henan,1272,1244,22,0,1,0
2020/3/7,Guangxi,252,218,2,0,1,0
2020/3/7,Hebei,318,307,6,0,2,0
2020/3/7,Chongqing,576,521,6,0,8,0
2020/3/7,Sichuan,539,454,3,0,12,0
2020/3/7,Shandong,758,627,6,0,9,0
2020/3/7,Liaoning,125,107,1,0,1,0
2020/3/7,Jiangsu,631,606,0,0,12,0
2020/3/7,Gansu,120,87,2,1,0,0
2020/3/7,Fujian,296,295,1,0,11,0
2020/3/7,Xinjiang,76,72,3,0,1,0
2020/3/7,Shanghai,342,313,3,0,7,0
2020/3/7,Jiangxi,935,916,1,0,7,0
2020/3/7,Yunnan,174,170,2,0,0,0
2020/3/7,Xizang,1,1,0,0,0,0
2020/3/7,Tianjin,136,128,3,0,0,0
2020/3/7,Taiwan,45,12,1,0,0,0
2020/3/7,Shanxi,133,126,0,0,0,0
2020/3/7,Shaanxi,245,226,1,0,0,0
2020/3/7,Qinghai,18,18,0,0,0,0
2020/3/7,Neimenggu,75,67,1,0,2,0
2020/3/7,Macau,10,10,0,0,0,0
2020/3/7,Jilin,93,90,1,0,0,0
2020/3/7,Hongkong,56,1,1,0,0,0
2020/3/7,Hainan,168,158,6,0,0,0
2020/3/7,Anhui,990,979,6,0,0,0
2020/3/7,Guizhou,146,115,2,0,1,0
2020/3/7,Beijing,426,303,8,4,4,0
2020/3/7,Ningxia,75,71,0,0,0,0
2020/3/8,Neimenggu,75,70,1,0,3,0
2020/3/8,Liaoning,125,109,1,0,2,0
2020/3/8,Xinjiang,76,73,3,0,1,0
2020/3/8,Jiangxi,935,919,1,0,3,0
2020/3/8,Zhejiang,1215,1161,1,0,7,0
2020/3/8,Jiangsu,631,612,0,0,6,0
2020/3/8,Shandong,758,642,6,0,15,0
2020/3/8,Hong Kong,114,58,3,6,7,1
2020/3/8,Sichuan,539,464,3,0,10,0
2020/3/8,Gansu,124,87,2,4,0,0
2020/3/8,Heilongjiang,481,412,13,0,9,0
2020/3/8,Guangdong,1352,1256,7,0,19,0
2020/3/8,Hubei,67707,45235,2986,41,1735,27
2020/3/8,Shaanxi,245,227,1,0,1,0
2020/3/8,Henan,1272,1247,22,0,3,0
2020/3/8,Hunan,1018,968,4,0,8,0
2020/3/8,Anhui,990,984,6,0,5,0
2020/3/8,Shanghai,342,314,3,0,1,0
2020/3/8,Hainan,168,159,6,0,1,0
2020/3/8,Xizang,1,1,0,0,0,0
2020/3/8,Tianjin,136,128,3,0,0,0
2020/3/8,Shanxi,133,126,0,0,0,0
2020/3/8,Qinghai,18,18,0,0,0,0
2020/3/8,Ningxia,75,71,0,0,0,0
2020/3/8,Macau,10,10,0,0,0,0
2020/3/8,Jilin,93,90,1,0,0,0
2020/3/8,Yunnan,174,170,2,0,0,0
2020/3/8,Hebei,318,307,6,0,0,0
2020/3/8,Fujian,296,295,1,0,0,0
2020/3/8,Chongqing,576,526,6,0,5,0
2020/3/8,Guangxi,252,223,2,0,5,0
2020/3/8,Guizhou,146,117,2,0,2,0
2020/3/8,Beijing,428,308,8,2,5,0
2020/3/8,Taiwan,45,13,1,0,1,0
2020/3/8,Hongkong,56,1,1,0,0,0
2020/3/9,Beijing,428,315,8,0,7,0
2020/3/9,Jiangsu,631,621,0,0,9,0
2020/3/9,Sichuan,539,466,3,0,2,0
2020/3/9,Zhejiang,1215,1176,1,0,15,0
2020/3/9,Guangdong,1352,1260,8,0,4,1
2020/3/9,Hong Kong,115,59,3,1,1,0
2020/3/9,Tianjin,136,130,3,0,2,0
2020/3/9,Chongqing,576,535,6,0,9,0
2020/3/9,Shanxi,133,127,0,0,1,0
2020/3/9,Gansu,124,88,2,0,1,0
2020/3/9,Heilongjiang,481,430,13,0,18,0
2020/3/9,Hubei,67743,46488,3008,36,1253,22
2020/3/9,Jilin,93,91,1,0,1,0
2020/3/9,Hunan,1018,979,4,0,11,0
2020/3/9,Shandong,758,700,6,0,58,0
2020/3/9,Taiwan,45,15,1,0,2,0
2020/3/9,Shanghai,342,315,3,0,1,0
2020/3/9,Yunnan,174,170,2,0,0,0
2020/3/9,Xizang,1,1,0,0,0,0
2020/3/9,Xinjiang,76,73,3,0,0,0
2020/3/9,Shaanxi,245,227,1,0,0,0
2020/3/9,Qinghai,18,18,0,0,0,0
2020/3/9,Ningxia,75,71,0,0,0,0
2020/3/9,Neimenggu,75,70,1,0,0,0
2020/3/9,Macau,10,10,0,0,0,0
2020/3/9,Liaoning,125,109,1,0,0,0
2020/3/9,Guizhou,146,123,2,0,6,0
2020/3/9,Henan,1272,1247,22,0,0,0
2020/3/9,Hebei,318,307,6,0,0,0
2020/3/9,Hainan,168,159,6,0,0,0
2020/3/9,Fujian,296,295,1,0,0,0
2020/3/9,Anhui,990,984,6,0,0,0
2020/3/9,Jiangxi,935,923,1,0,4,0
2020/3/9,Guangxi,252,230,2,0,7,0
2020/3/9,Hongkong,56,1,1,0,0,0
2020/3/10,Liaoning,125,111,1,0,2,0
2020/3/10,Shanxi,133,128,0,0,1,0
2020/3/10,Shanghai,344,319,3,2,4,0
2020/3/10,Taiwan,47,17,1,2,2,0
2020/3/10,Shandong,758,719,6,0,19,0
2020/3/10,Jiangsu,631,627,0,0,6,0
2020/3/10,Shaanxi,245,228,1,0,1,0
2020/3/10,Sichuan,539,478,3,0,12,0
2020/3/10,Guangdong,1353,1274,8,1,14,0
2020/3/10,Tianjin,136,131,3,0,1,0
2020/3/10,Zhejiang,1215,1191,1,0,15,0
2020/3/10,Hong Kong,118,60,3,3,1,0
2020/3/10,Gansu,125,88,2,1,0,0
2020/3/10,Hubei,67760,47743,3024,17,1255,16
2020/3/10,Jiangxi,935,927,1,0,4,0
2020/3/10,Hunan,1018,990,4,0,11,0
2020/3/10,Beijing,429,320,8,1,5,0
2020/3/10,Fujian,296,295,1,0,0,0
2020/3/10,Guangxi,252,234,2,0,4,0
2020/3/10,Yunnan,174,170,2,0,0,0
2020/3/10,Xizang,1,1,0,0,0,0
2020/3/10,Xinjiang,76,73,3,0,0,0
2020/3/10,Qinghai,18,18,0,0,0,0
2020/3/10,Ningxia,75,71,0,0,0,0
2020/3/10,Guizhou,146,129,2,0,6,0
2020/3/10,Macau,10,10,0,0,0,0
2020/3/10,Jilin,93,91,1,0,0,0
2020/3/10,Neimenggu,75,70,1,0,0,0
2020/3/10,Henan,1272,1247,22,0,0,0
2020/3/10,Hebei,318,307,6,0,0,0
2020/3/10,Hainan,168,159,6,0,0,0
2020/3/10,Anhui,990,984,6,0,0,0
2020/3/10,Chongqing,576,542,6,0,7,0
2020/3/10,Heilongjiang,481,434,13,0,4,0
2020/3/10,Hongkong,56,1,1,0,0,0
2020/3/11,Shaanxi,245,232,1,0,4,0
2020/3/11,Taiwan,48,17,1,1,0,0
2020/3/11,Neimenggu,75,71,1,0,1,0
2020/3/11,Chongqing,576,549,6,0,7,0
2020/3/11,Henan,1273,1249,22,1,2,0
2020/3/11,Ningxia,75,72,0,0,1,0
2020/3/11,Zhejiang,1215,1195,1,0,4,0
2020/3/11,Shanghai,344,320,3,0,1,0
2020/3/11,Guangdong,1356,1282,8,3,8,0
2020/3/11,Hubei,67773,49134,3046,13,1391,22
2020/3/11,Guangxi,252,238,2,0,4,0
2020/3/11,Shandong,760,726,6,2,7,0
2020/3/11,Heilongjiang,482,436,13,1,2,0
2020/3/11,Gansu,127,88,2,2,0,0
2020/3/11,Sichuan,539,488,3,0,10,0
2020/3/11,Hong Kong,126,65,3,8,5,0
2020/3/11,Guizhou,146,133,2,0,4,0
2020/3/11,Yunnan,174,170,2,0,0,0
2020/3/11,Beijing,435,326,8,6,6,0
2020/3/11,Xizang,1,1,0,0,0,0
2020/3/11,Xinjiang,76,73,3,0,0,0
2020/3/11,Tianjin,136,131,3,0,0,0
2020/3/11,Qinghai,18,18,0,0,0,0
2020/3/11,Macau,10,10,0,0,0,0
2020/3/11,Liaoning,125,111,1,0,0,0
2020/3/11,Jilin,93,91,1,0,0,0
2020/3/11,Jiangxi,935,932,1,0,5,0
2020/3/11,Hongkong,56,1,1,0,0,0
2020/3/11,Hebei,318,307,6,0,0,0
2020/3/11,Hainan,168,159,6,0,0,0
2020/3/11,Fujian,296,295,1,0,0,0
2020/3/11,Anhui,990,984,6,0,0,0
2020/3/11,Shanxi,133,131,0,0,3,0
2020/3/11,Hunan,1018,995,4,0,5,0
2020/3/11,Jiangsu,631,627,0,0,0,0
2020/3/12,Jiangsu,631,629,0,0,2,0
2020/3/12,Henan,1273,1249,22,0,0,0
2020/3/12,Hebei,318,308,6,0,1,0
2020/3/12,Shanghai,344,321,3,0,1,0
2020/3/12,Shandong,760,734,6,0,8,0
2020/3/12,Taiwan,49,20,1,1,3,0
2020/3/12,Tianjin,136,132,3,0,1,0
2020/3/12,Hubei,67781,50318,3056,8,1184,10
2020/3/12,Liaoning,125,112,1,0,1,0
2020/3/12,Hunan,1018,999,4,0,4,0
2020/3/12,Sichuan,539,498,3,0,10,0
2020/3/12,Jilin,93,92,1,0,1,0
2020/3/12,Heilongjiang,482,441,13,0,5,0
2020/3/12,Guangdong,1356,1289,8,0,7,0
2020/3/12,Shanxi,133,132,0,0,1,0
2020/3/12,Hainan,168,160,6,0,1,0
2020/3/12,Jiangxi,935,934,1,0,2,0
2020/3/12,Yunnan,174,170,2,0,0,0
2020/3/12,Hong Kong,129,67,3,3,2,0
2020/3/12,Xizang,1,1,0,0,0,0
2020/3/12,Xinjiang,76,73,3,0,0,0
2020/3/12,Qinghai,18,18,0,0,0,0
2020/3/12,Ningxia,75,72,0,0,0,0
2020/3/12,Macau,10,10,0,0,0,0
2020/3/12,Hongkong,56,1,1,0,0,0
2020/3/12,Gansu,127,88,2,0,0,0
2020/3/12,Neimenggu,75,71,1,0,0,0
2020/3/12,Anhui,990,984,6,0,0,0
2020/3/12,Chongqing,576,554,6,0,5,0
2020/3/12,Guangxi,252,241,2,0,3,0
2020/3/12,Guizhou,146,137,2,0,4,0
2020/3/12,Beijing,435,334,8,0,8,0
2020/3/12,Zhejiang,1215,1197,1,0,2,0
2020/3/12,Shaanxi,245,232,2,0,0,1
2020/3/12,Fujian,296,295,1,0,0,0
2020/3/13,Beijing,436,342,8,1,8,0
2020/3/13,Hebei,318,310,6,0,2,0
2020/3/13,Guangxi,252,243,2,0,2,0
2020/3/13,Heilongjiang,482,446,13,0,5,0
2020/3/13,Jiangsu,631,630,0,0,1,0
2020/3/13,Guizhou,146,140,2,0,3,0
2020/3/13,Hubei,67786,51553,3062,5,1235,6
2020/3/13,Chongqing,576,564,6,0,10,0
2020/3/13,Hunan,1018,1005,4,0,6,0
2020/3/13,Shanxi,133,133,0,0,1,0
2020/3/13,Taiwan,50,20,1,1,0,0
2020/3/13,Shanghai,346,324,3,2,3,0
2020/3/13,Sichuan,539,503,3,0,5,0
2020/3/13,Guangdong,1356,1296,8,0,7,0
2020/3/13,Hong Kong,134,77,4,5,10,1
2020/3/13,Shandong,760,739,7,0,5,1
2020/3/13,Anhui,990,984,6,0,0,0
2020/3/13,Zhejiang,1215,1197,1,0,0,0
2020/3/13,Gansu,127,88,2,0,0,0
2020/3/13,Fujian,296,295,1,0,0,0
2020/3/13,Yunnan,174,170,2,0,0,0
2020/3/13,Xizang,1,1,0,0,0,0
2020/3/13,Xinjiang,76,73,3,0,0,0
2020/3/13,Tianjin,136,132,3,0,0,0
2020/3/13,Qinghai,18,18,0,0,0,0
2020/3/13,Ningxia,75,72,0,0,0,0
2020/3/13,Shaanxi,245,232,2,0,0,0
2020/3/13,Macau,10,10,0,0,0,0
2020/3/13,Liaoning,125,112,1,0,0,0
2020/3/13,Jilin,93,92,1,0,0,0
2020/3/13,Jiangxi,935,934,1,0,0,0
2020/3/13,Hongkong,56,1,1,0,0,0
2020/3/13,Henan,1273,1249,22,0,0,0
2020/3/13,Hainan,168,160,6,0,0,0
2020/3/13,Neimenggu,75,71,1,0,0,0
2020/3/14,Gansu,129,89,2,2,1,0
2020/3/14,Liaoning,125,113,1,0,1,0
2020/3/14,Guizhou,146,143,2,0,3,0
2020/3/14,Guangdong,1356,1299,8,0,3,0
2020/3/14,Zhejiang,1227,1211,1,12,14,0
2020/3/14,Beijing,437,349,8,1,7,0
2020/3/14,Shandong,760,741,7,0,2,0
2020/3/14,Hong Kong,140,78,4,6,1,0
2020/3/14,Shanghai,352,324,3,6,0,0
2020/3/14,Taiwan,53,20,1,3,0,0
2020/3/14,Hunan,1018,1014,4,0,9,0
2020/3/14,Henan,1273,1250,22,0,1,0
2020/3/14,Ningxia,75,73,0,0,1,0
2020/3/14,Hubei,67790,52960,3075,4,1407,13
2020/3/14,Heilongjiang,482,447,13,0,1,0
2020/3/14,Chongqing,576,566,6,0,2,0
2020/3/14,Sichuan,539,511,3,0,8,0
2020/3/14,Fujian,296,295,1,0,0,0
2020/3/14,Yunnan,174,170,2,0,0,0
2020/3/14,Xizang,1,1,0,0,0,0
2020/3/14,Xinjiang,76,73,3,0,0,0
2020/3/14,Tianjin,136,132,3,0,0,0
2020/3/14,Shanxi,133,133,0,0,0,0
2020/3/14,Shaanxi,245,232,2,0,0,0
2020/3/14,Qinghai,18,18,0,0,0,0
2020/3/14,Neimenggu,75,71,1,0,0,0
2020/3/14,Anhui,990,984,6,0,0,0
2020/3/14,Jilin,93,92,1,0,0,0
2020/3/14,Jiangxi,935,934,1,0,0,0
2020/3/14,Jiangsu,631,630,0,0,0,0
2020/3/14,Hongkong,56,1,1,0,0,0
2020/3/14,Hebei,318,310,6,0,0,0
2020/3/14,Hainan,168,160,6,0,0,0
2020/3/14,Guangxi,252,243,2,0,0,0
2020/3/14,Macau,10,10,0,0,0,0
2020/3/15,Yunnan,174,172,2,0,2,0
2020/3/15,Shanghai,353,324,3,1,0,0
2020/3/15,Heilongjiang,482,453,13,0,6,0
2020/3/15,Beijing,442,353,8,5,4,0
2020/3/15,Zhejiang,1231,1211,1,4,0,0
2020/3/15,Jiangsu,631,631,0,0,1,0
2020/3/15,Chongqing,576,570,6,0,4,0
2020/3/15,Hong Kong,145,81,4,5,3,0
2020/3/15,Taiwan,59,20,1,6,0,0
2020/3/15,Tianjin,136,133,3,0,1,0
2020/3/15,Sichuan,539,516,3,0,5,0
2020/3/15,Hubei,67794,54288,3085,4,1328,10
2020/3/15,Guangdong,1360,1304,8,4,5,0
2020/3/15,Gansu,133,91,2,4,2,0
2020/3/15,Anhui,990,984,6,0,0,0
2020/3/15,Liaoning,125,114,1,0,1,0
2020/3/15,Fujian,296,295,1,0,0,0
2020/3/15,Guangxi,252,243,2,0,0,0
2020/3/15,Guizhou,146,143,2,0,0,0
2020/3/15,Xinjiang,76,73,3,0,0,0
2020/3/15,Shanxi,133,133,0,0,0,0
2020/3/15,Shandong,760,741,7,0,0,0
2020/3/15,Shaanxi,245,232,2,0,0,0
2020/3/15,Qinghai,18,18,0,0,0,0
2020/3/15,Ningxia,75,73,0,0,0,0
2020/3/15,Neimenggu,75,71,1,0,0,0
2020/3/15,Xizang,1,1,0,0,0,0
2020/3/15,Jilin,93,92,1,0,0,0
2020/3/15,Jiangxi,935,934,1,0,0,0
2020/3/15,Hunan,1018,1014,4,0,0,0
2020/3/15,Hongkong,56,1,1,0,0,0
2020/3/15,Henan,1273,1250,22,0,0,0
2020/3/15,Hebei,318,310,6,0,0,0
2020/3/15,Hainan,168,160,6,0,0,0
2020/3/15,Macau,10,10,0,0,0,0
2020/3/16,Guizhou,146,144,2,0,1,0
2020/3/16,Shandong,760,746,7,0,5,0
2020/3/16,Shaanxi,245,233,2,0,1,0
2020/3/16,Beijing,452,360,8,10,7,0
2020/3/16,Ningxia,75,75,0,0,2,0
2020/3/16,Shanghai,355,325,3,2,1,0
2020/3/16,Neimenggu,75,73,1,0,2,0
2020/3/16,Zhejiang,1231,1216,1,0,5,0
2020/3/16,Guangxi,252,248,2,0,5,0
2020/3/16,Heilongjiang,482,455,13,0,2,0
2020/3/16,Taiwan,67,20,1,8,0,0
2020/3/16,Hong Kong,155,84,4,10,3,0
2020/3/16,Liaoning,125,115,1,0,1,0
2020/3/16,Hubei,67798,55142,3099,4,854,14
2020/3/16,Guangdong,1361,1306,8,1,2,0
2020/3/16,Hainan,168,161,6,0,1,0
2020/3/16,Macau,11,10,0,1,0,0
2020/3/16,Yunnan,175,172,2,1,0,0
2020/3/16,Anhui,990,984,6,0,0,0
2020/3/16,Xinjiang,76,73,3,0,0,0
2020/3/16,Tianjin,136,133,3,0,0,0
2020/3/16,Sichuan,539,516,3,0,0,0
2020/3/16,Shanxi,133,133,0,0,0,0
2020/3/16,Qinghai,18,18,0,0,0,0
2020/3/16,Jilin,93,92,1,0,0,0
2020/3/16,Jiangxi,935,934,1,0,0,0
2020/3/16,Xizang,1,1,0,0,0,0
2020/3/16,Hunan,1018,1014,4,0,0,0
2020/3/16,Hongkong,56,1,1,0,0,0
2020/3/16,Henan,1273,1250,22,0,0,0
2020/3/16,Hebei,318,310,6,0,0,0
2020/3/16,Gansu,133,91,2,0,0,0
2020/3/16,Fujian,296,295,1,0,0,0
2020/3/16,Chongqing,576,570,6,0,0,0
2020/3/16,Jiangsu,631,631,0,0,0,0
2020/3/17,Shandong,761,746,7,1,0,0
2020/3/17,Heilongjiang,482,456,13,0,1,0
2020/3/17,Guangdong,1364,1307,8,3,1,0
2020/3/17,Zhejiang,1232,1216,1,1,0,0
2020/3/17,Shanghai,358,325,3,3,0,0
2020/3/17,Macau,12,10,0,1,0,0
2020/3/17,Guizhou,147,144,2,1,0,0
2020/3/17,Shaanxi,246,236,3,1,3,1
2020/3/17,Taiwan,77,22,1,10,2,0
2020/3/17,Hong Kong,162,88,4,7,4,0
2020/3/17,Beijing,456,369,8,4,9,0
2020/3/17,Hubei,67799,56003,3111,1,861,12
2020/3/17,Liaoning,125,120,1,0,5,0
2020/3/17,Guangxi,253,248,2,1,0,0
2020/3/17,Sichuan,540,520,3,1,4,0
2020/3/17,Yunnan,176,172,2,1,0,0
2020/3/17,Anhui,990,984,6,0,0,0
2020/3/17,Ningxia,75,75,0,0,0,0
2020/3/17,Chongqing,576,570,6,0,0,0
2020/3/17,Xinjiang,76,73,3,0,0,0
2020/3/17,Tianjin,136,133,3,0,0,0
2020/3/17,Shanxi,133,133,0,0,0,0
2020/3/17,Qinghai,18,18,0,0,0,0
2020/3/17,Neimenggu,75,73,1,0,0,0
2020/3/17,Jilin,93,92,1,0,0,0
2020/3/17,Jiangxi,935,934,1,0,0,0
2020/3/17,Xizang,1,1,0,0,0,0
2020/3/17,Hunan,1018,1014,4,0,0,0
2020/3/17,Hongkong,56,1,1,0,0,0
2020/3/17,Henan,1273,1250,22,0,0,0
2020/3/17,Hebei,318,310,6,0,0,0
2020/3/17,Hainan,168,161,6,0,0,0
2020/3/17,Gansu,133,91,2,0,0,0
2020/3/17,Fujian,296,295,1,0,0,0
2020/3/17,Jiangsu,631,631,0,0,0,0
2020/3/18,Sichuan,540,525,3,0,5,0
2020/3/18,Chongqing,576,570,6,0,0,0
2020/3/18,Anhui,990,984,6,0,0,0
2020/3/18,Guangxi,253,250,2,0,2,0
2020/3/18,Guizhou,146,144,2,-1,0,0
2020/3/18,Liaoning,125,122,1,0,2,0
2020/3/18,Fujian,296,295,1,0,0,0
2020/3/18,Hubei,67800,56927,3122,1,924,11
2020/3/18,Beijing,469,378,8,13,9,0
2020/3/18,Heilongjiang,482,463,13,0,7,0
2020/3/18,Shanghai,361,326,3,3,1,0
2020/3/18,Taiwan,100,22,1,23,0,0
2020/3/18,Guangdong,1370,1313,8,6,6,0
2020/3/18,Hong Kong,181,92,4,19,4,0
2020/3/18,Macau,15,10,0,3,0,0
2020/3/18,Shaanxi,246,237,3,0,1,0
2020/3/18,Gansu,133,91,2,0,0,0
2020/3/18,Neimenggu,75,73,1,0,0,0
2020/3/18,Hebei,318,310,6,0,0,0
2020/3/18,Zhejiang,1232,1216,1,0,0,0
2020/3/18,Yunnan,176,172,2,0,0,0
2020/3/18,Xizang,1,1,0,0,0,0
2020/3/18,Xinjiang,76,73,3,0,0,0
2020/3/18,Tianjin,136,133,3,0,0,0
2020/3/18,Shanxi,133,133,0,0,0,0
2020/3/18,Shandong,761,746,7,0,0,0
2020/3/18,Hainan,168,161,6,0,0,0
2020/3/18,Ningxia,75,75,0,0,0,0
2020/3/18,Jilin,93,92,1,0,0,0
2020/3/18,Jiangxi,935,934,1,0,0,0
2020/3/18,Jiangsu,631,631,0,0,0,0
2020/3/18,Hunan,1018,1014,4,0,0,0
2020/3/18,Hongkong,56,1,1,0,0,0
2020/3/18,Henan,1273,1250,22,0,0,0
2020/3/18,Qinghai,18,18,0,0,0,0
2020/3/19,Anhui,990,984,6,0,0,0
2020/3/19,Macau,17,10,0,2,0,0
2020/3/19,Shanghai,363,326,3,2,0,0
2020/3/19,Neimenggu,75,74,1,0,1,0
2020/3/19,Shandong,761,747,7,0,1,0
2020/3/19,Guangdong,1378,1318,8,8,5,0
2020/3/19,Heilongjiang,483,460,13,1,-3,0
2020/3/19,Hong Kong,208,95,4,27,3,0
2020/3/19,Taiwan,108,26,1,8,4,0
2020/3/19,Zhejiang,1234,1217,1,2,1,0
2020/3/19,Hubei,67800,57682,3130,0,755,8
2020/3/19,Sichuan,540,536,3,0,11,0
2020/3/19,Gansu,134,91,2,1,0,0
2020/3/19,Chongqing,576,570,6,0,0,0
2020/3/19,Beijing,480,380,8,11,2,0
2020/3/19,Fujian,296,295,1,0,0,0
2020/3/19,Guangxi,253,250,2,0,0,0
2020/3/19,Shaanxi,246,237,3,0,0,0
2020/3/19,Guizhou,146,144,2,0,0,0
2020/3/19,Xizang,1,1,0,0,0,0
2020/3/19,Xinjiang,76,73,3,0,0,0
2020/3/19,Tianjin,136,133,3,0,0,0
2020/3/19,Shanxi,133,133,0,0,0,0
2020/3/19,Qinghai,18,18,0,0,0,0
2020/3/19,Ningxia,75,75,0,0,0,0
2020/3/19,Liaoning,125,122,1,0,0,0
2020/3/19,Yunnan,176,172,2,0,0,0
2020/3/19,Jiangxi,935,934,1,0,0,0
2020/3/19,Jiangsu,631,631,0,0,0,0
2020/3/19,Hunan,1018,1014,4,0,0,0
2020/3/19,Hongkong,56,1,1,0,0,0
2020/3/19,Henan,1273,1250,22,0,0,0
2020/3/19,Hebei,318,310,6,0,0,0
2020/3/19,Hainan,168,161,6,0,0,0
2020/3/19,Jilin,93,92,1,0,0,0
2020/3/20,Shandong,762,748,7,1,1,0
2020/3/20,Liaoning,126,122,2,1,0,1
2020/3/20,Guangxi,254,250,2,1,0,0
2020/3/20,Sichuan,541,536,3,1,0,0
2020/3/20,Fujian,299,295,1,3,0,0
2020/3/20,Shaanxi,247,237,3,1,0,0
2020/3/20,Tianjin,137,133,3,1,0,0
2020/3/20,Taiwan,135,26,2,27,0,1
2020/3/20,Zhejiang,1234,1219,1,0,2,0
2020/3/20,Gansu,134,98,2,0,7,0
2020/3/20,Shanghai,371,326,3,8,0,0
2020/3/20,Beijing,491,390,8,11,10,0
2020/3/20,Hubei,67800,58382,3133,0,700,3
2020/3/20,Guangdong,1395,1323,8,17,5,0
2020/3/20,Hong Kong,256,98,4,48,3,0
2020/3/20,Heilongjiang,484,463,13,1,3,0
2020/3/20,Anhui,990,984,6,0,0,0
2020/3/20,Jiangxi,935,934,1,0,0,0
2020/3/20,Guizhou,146,144,2,0,0,0
2020/3/20,Yunnan,176,172,2,0,0,0
2020/3/20,Xizang,1,1,0,0,0,0
2020/3/20,Xinjiang,76,73,3,0,0,0
2020/3/20,Shanxi,133,133,0,0,0,0
2020/3/20,Chongqing,576,570,6,0,0,0
2020/3/20,Ningxia,75,75,0,0,0,0
2020/3/20,Neimenggu,75,74,1,0,0,0
2020/3/20,Qinghai,18,18,0,0,0,0
2020/3/20,Jilin,93,92,1,0,0,0
2020/3/20,Jiangsu,631,631,0,0,0,0
2020/3/20,Hunan,1018,1014,4,0,0,0
2020/3/20,Hongkong,56,1,1,0,0,0
2020/3/20,Henan,1273,1250,22,0,0,0
2020/3/20,Hebei,318,310,6,0,0,0
2020/3/20,Hainan,168,161,6,0,0,0
2020/3/20,Macau,17,10,0,0,0,0
2020/3/21,Hainan,168,161,6,0,0,0
2020/3/21,Guizhou,146,144,2,0,0,0
2020/3/21,Guangxi,254,250,2,0,0,0
2020/3/21,Chongqing,576,570,6,0,0,0
2020/3/21,Anhui,990,984,6,0,0,0
2020/3/21,Sichuan,542,536,3,1,0,0
2020/3/21,Hubei,67800,58942,3139,0,560,6
2020/3/21,Fujian,303,295,1,4,0,0
2020/3/21,Shandong,764,749,7,2,1,0
2020/3/21,Shanghai,380,326,3,9,0,0
2020/3/21,Guangdong,1399,1325,8,4,2,0
2020/3/21,Beijing,499,392,8,8,2,0
2020/3/21,Taiwan,135,28,2,0,2,0
2020/3/21,Hebei,318,310,6,0,0,0
2020/3/21,Shaanxi,248,239,3,1,2,0
2020/3/21,Heilongjiang,484,463,13,0,0,0
2020/3/21,Macau,17,10,0,0,0,0
2020/3/21,Hong Kong,256,98,4,0,0,0
2020/3/21,Zhejiang,1234,1219,1,0,0,0
2020/3/21,Yunnan,176,172,2,0,0,0
2020/3/21,Xizang,1,1,0,0,0,0
2020/3/21,Xinjiang,76,73,3,0,0,0
2020/3/21,Tianjin,137,133,3,0,0,0
2020/3/21,Shanxi,133,133,0,0,0,0
2020/3/21,Qinghai,18,18,0,0,0,0
2020/3/21,Ningxia,75,75,0,0,0,0
2020/3/21,Neimenggu,75,74,1,0,0,0
2020/3/21,Liaoning,126,122,2,0,0,0
2020/3/21,Jilin,93,92,1,0,0,0
2020/3/21,Jiangxi,935,934,1,0,0,0
2020/3/21,Jiangsu,631,631,0,0,0,0
2020/3/21,Hunan,1018,1014,4,0,0,0
2020/3/21,Hongkong,56,1,1,0,0,0
2020/3/21,Henan,1273,1250,22,0,0,0
2020/3/21,Gansu,134,113,2,0,15,0